uid,monetary,purchase_recency,frequency,r_quartile,m_quartile,f_quartile,RFM_seg,RFM_score,RFM_seg_label
R1jUicEV,3.99,61,1,1,1,1,111,3,Lost Cheap Customers
YcSHBLOo,25.979999999999997,35,2,2,3,2,223,7,Other
CvpiOGqT,8.99,60,1,1,2,1,112,4,Other
uDLYnOib,3.99,59,1,1,1,1,111,3,Lost Cheap Customers
IvoOjIdf,3.99,59,1,1,1,1,111,3,Lost Cheap Customers
SUEt8C1d,303.94,31,6,3,4,4,344,11,Other
BXnVWnmR,69.89,37,11,2,4,4,244,10,Almost Lost
N8M2Q2Qj,0.99,59,1,1,1,1,111,3,Lost Cheap Customers
BhBWrbIF,13.97,58,3,1,2,3,132,6,Other
ogvVvOXq,3.99,58,1,1,1,1,111,3,Lost Cheap Customers
wgyJhKwY,0.99,58,1,1,1,1,111,3,Lost Cheap Customers
PQKTs3iT,8.99,58,1,1,2,1,112,4,Other
7IJSeFl2,0.99,57,1,1,1,1,111,3,Lost Cheap Customers
LKHhkQsm,3.99,57,1,1,1,1,111,3,Lost Cheap Customers
umj2BlTw,58.91000000000001,23,9,4,4,4,444,12,Champions
WDOPxKDR,34.99,57,1,1,3,1,113,5,Other
cV5umDkb,200.95,25,5,4,4,4,444,12,Champions
LelEYBrW,25.96,49,4,1,3,3,133,7,Other
blMgV3wR,3.99,57,1,1,1,1,111,3,Lost Cheap Customers
qf1opMEQ,7.98,42,2,1,2,2,122,5,Other
4UQ1t1gW,45.919999999999995,44,8,1,4,4,144,9,Lost Customers
UTFvjOFx,0.99,57,1,1,1,1,111,3,Lost Cheap Customers
l78hID8G,21.97,39,3,2,3,3,233,8,Other
RC11bOjr,0.99,57,1,1,1,1,111,3,Lost Cheap Customers
22VQcl7f,34.99,57,1,1,3,1,113,5,Other
iV8VWDTI,19.94,41,6,1,3,4,143,8,Loyal Customers
hBStiMQE,16.99,56,1,1,2,1,112,4,Other
UMXvhyHq,30.96,40,4,2,3,3,233,8,Other
Y6JMdlLk,7.98,56,2,1,2,2,122,5,Other
TNRrgkKD,4.98,39,2,2,1,2,221,5,Other
6Qp5nkWt,16.99,56,1,1,2,1,112,4,Other
SYxF7KDc,13.97,48,3,1,2,3,132,6,Other
LOMTOI5S,0.99,56,1,1,1,1,111,3,Lost Cheap Customers
m6CorXIQ,3.99,56,1,1,1,1,111,3,Lost Cheap Customers
bg6rjmNf,33.98,52,2,1,3,2,123,6,Other
PP2dtem8,128.92999999999998,33,7,2,4,4,244,10,Almost Lost
Nc6nn1tm,16.99,56,1,1,2,1,112,4,Other
VX16brlS,39.95,37,5,2,4,4,244,10,Almost Lost
LBL6JCjW,77.96000000000001,32,4,3,4,3,334,10,Big Spenders
8tfc4Pio,50.97,48,3,1,4,3,134,8,Big Spenders
BCy4hPG1,13.97,52,3,1,2,3,132,6,Other
YLxKnf1l,17.98,56,2,1,3,2,123,6,Other
JDXxUOgB,17.98,51,2,1,3,2,123,6,Other
E23WEELi,429.92,25,8,4,4,4,444,12,Champions
jOYBipkS,8.99,56,1,1,2,1,112,4,Other
u8Fhi6pg,3.99,56,1,1,1,1,111,3,Lost Cheap Customers
vn7HmQjW,16.99,56,1,1,2,1,112,4,Other
LXFstIbv,25.96,25,4,4,3,3,433,10,Recent Customer
GvutD1x7,0.99,56,1,1,1,1,111,3,Lost Cheap Customers
Gegs6KKD,0.99,55,1,1,1,1,111,3,Lost Cheap Customers
tQMoton1,3.96,48,4,1,1,3,131,5,Other
V25m83Tl,0.99,55,1,1,1,1,111,3,Lost Cheap Customers
x8HYJ2Nk,164.97,51,3,1,4,3,134,8,Big Spenders
Kw22gson,64.99,55,1,1,4,1,114,6,Big Spenders
Jlrefrih,64.99,55,1,1,4,1,114,6,Big Spenders
Wvd3nWWf,34.99,55,1,1,3,1,113,5,Other
i6PuDjPE,16.99,55,1,1,2,1,112,4,Other
8CE5FE8G,264.91,25,9,4,4,4,444,12,Champions
BnjtCxyd,3.99,55,1,1,1,1,111,3,Lost Cheap Customers
HEcuwIgF,3.99,55,1,1,1,1,111,3,Lost Cheap Customers
6kjDGsgf,1.98,48,2,1,1,2,121,4,Other
t1XI3HrY,14.940000000000001,48,6,1,2,4,142,7,Loyal Customers
QTtvrY7F,8.99,55,1,1,2,1,112,4,Other
Xq3E4jR3,6.960000000000001,46,4,1,2,3,132,6,Other
SLGyqpSv,3.99,55,1,1,1,1,111,3,Lost Cheap Customers
5JLWDOg4,0.99,55,1,1,1,1,111,3,Lost Cheap Customers
TdTGgkOf,32.81999999999999,23,18,4,3,4,443,11,Other
QkjhJhx6,3.99,55,1,1,1,1,111,3,Lost Cheap Customers
kQupNky7,0.99,55,1,1,1,1,111,3,Lost Cheap Customers
bodevnCf,52.95,23,5,4,4,4,444,12,Champions
ryXrrqul,8.99,55,1,1,2,1,112,4,Other
h6dECLLH,0.99,55,1,1,1,1,111,3,Lost Cheap Customers
cNn5eNDx,3.99,55,1,1,1,1,111,3,Lost Cheap Customers
Hieqr4cg,8.99,55,1,1,2,1,112,4,Other
ktWuJyQ3,8.99,55,1,1,2,1,112,4,Other
MobUqmrX,18.97,47,3,1,3,3,133,7,Other
i2XIC2D4,26.969999999999995,34,3,2,3,3,233,8,Other
uEHvblvq,16.99,55,1,1,2,1,112,4,Other
sUscyfd5,3.99,55,1,1,1,1,111,3,Lost Cheap Customers
5mgsFbUb,16.94,50,6,1,2,4,142,7,Loyal Customers
EKHtDgJF,30.96,40,4,2,3,3,233,8,Other
HXgRiFJB,3.99,55,1,1,1,1,111,3,Lost Cheap Customers
1NrIDFDi,8.99,55,1,1,2,1,112,4,Other
iHRuGpsi,17.98,47,2,1,3,2,123,6,Other
NqfFqqkj,51.980000000000004,55,2,1,4,2,124,7,Big Spenders
RkcUgvnQ,7.98,48,2,1,2,2,122,5,Other
Li6Od5p6,0.99,55,1,1,1,1,111,3,Lost Cheap Customers
ItwnkWcW,64.99,54,1,1,4,1,114,6,Big Spenders
urfCseiX,16.99,54,1,1,2,1,112,4,Other
8EJsDsxm,256.79,32,21,3,4,4,344,11,Other
p6oFp1Xw,200.92000000000002,40,8,2,4,4,244,10,Almost Lost
ORrenkdr,30.939999999999998,44,6,1,3,4,143,8,Loyal Customers
fef6NiI1,7.98,34,2,2,2,2,222,6,Other
IshgcOKn,29.97,53,3,1,3,3,133,7,Other
loLlp6th,30.9,25,10,4,3,4,443,11,Other
48IXDVXW,1.98,53,2,1,1,2,121,4,Other
TmRBYmfP,522.7500000000001,23,25,4,4,4,444,12,Champions
TQiVHo6J,34.99,54,1,1,3,1,113,5,Other
XemGYu86,115.88999999999997,23,11,4,4,4,444,12,Champions
MmVcU6Bu,8.99,54,1,1,2,1,112,4,Other
Ltd8tn67,8.99,54,1,1,2,1,112,4,Other
ul1sg5Po,64.99,54,1,1,4,1,114,6,Big Spenders
4riOwgoq,64.99,54,1,1,4,1,114,6,Big Spenders
sCNUhYoQ,16.99,54,1,1,2,1,112,4,Other
GhKubutM,16.99,54,1,1,2,1,112,4,Other
EUnxHoNm,50.97,52,3,1,4,3,134,8,Big Spenders
WNkNDP7B,17.98,49,2,1,3,2,123,6,Other
vYw3Xwju,98.91999999999999,24,8,4,4,4,444,12,Champions
YXPYt4pB,3.99,54,1,1,1,1,111,3,Lost Cheap Customers
vQlBXqiO,3.99,54,1,1,1,1,111,3,Lost Cheap Customers
D1goGjGG,4.98,54,2,1,1,2,121,4,Other
7ycttdY7,75.91999999999999,33,8,2,4,4,244,10,Almost Lost
6XYQjnx5,3.99,54,1,1,1,1,111,3,Lost Cheap Customers
skfmOc6J,0.99,54,1,1,1,1,111,3,Lost Cheap Customers
m4TLO5Di,0.99,54,1,1,1,1,111,3,Lost Cheap Customers
J1HHYS4T,0.99,54,1,1,1,1,111,3,Lost Cheap Customers
HKhuvSRJ,132.84999999999997,25,15,4,4,4,444,12,Champions
bhpCLTE4,31.950000000000003,39,5,2,3,4,243,9,Loyal Customers
LBg3cQge,8.99,54,1,1,2,1,112,4,Other
rEvx4uHC,16.99,54,1,1,2,1,112,4,Other
Fgg31Cjx,3.99,54,1,1,1,1,111,3,Lost Cheap Customers
3XDE2ljs,119.91999999999997,46,8,1,4,4,144,9,Lost Customers
ssXUue5I,20.96,54,4,1,3,3,133,7,Other
tURmGsWL,10.97,47,3,1,2,3,132,6,Other
Xo4MkPQJ,16.99,54,1,1,2,1,112,4,Other
Cf1BKK56,203.88,31,12,3,4,4,344,11,Other
y7QEsxfV,0.99,54,1,1,1,1,111,3,Lost Cheap Customers
M1obmNHW,4.98,40,2,2,1,2,221,5,Other
MfWCN5yu,64.99,54,1,1,4,1,114,6,Big Spenders
LqvQRC5X,152.88,34,12,2,4,4,244,10,Almost Lost
KgDdq6jr,60.93,24,7,4,4,4,444,12,Champions
KbgkuKeG,17.98,45,2,1,3,2,123,6,Other
2oc6xVpn,46.839999999999996,29,16,3,4,4,344,11,Other
uvmTvDfU,85.92999999999996,53,7,1,4,4,144,9,Lost Customers
qKq2WDoE,0.99,54,1,1,1,1,111,3,Lost Cheap Customers
ffh4cCBd,2.9699999999999998,34,3,2,1,3,231,6,Other
PHXf2TR6,18.97,52,3,1,3,3,133,7,Other
YdHhw2og,3.99,54,1,1,1,1,111,3,Lost Cheap Customers
ToP6pgTY,14.96,43,4,1,2,3,132,6,Other
jLLefopX,17.98,41,2,1,3,2,123,6,Other
jycqihc6,0.99,54,1,1,1,1,111,3,Lost Cheap Customers
ESdrJsYO,0.99,54,1,1,1,1,111,3,Lost Cheap Customers
TjXOe3k5,34.99,54,1,1,3,1,113,5,Other
rMCIjs2V,351.92,23,8,4,4,4,444,12,Champions
r4B6HOxi,3.99,54,1,1,1,1,111,3,Lost Cheap Customers
pwN3Ht72,4.98,54,2,1,1,2,121,4,Other
iYq4Jy1I,104.97,41,3,1,4,3,134,8,Big Spenders
OdqwxuGi,3.99,54,1,1,1,1,111,3,Lost Cheap Customers
ONwgIr18,7.98,54,2,1,2,2,122,5,Other
pMgd2ucc,23.95,41,5,1,3,4,143,8,Loyal Customers
x8dxRGRN,0.99,54,1,1,1,1,111,3,Lost Cheap Customers
4FSHpuFi,38.89000000000001,33,11,2,4,4,244,10,Almost Lost
wJqJobFI,129.98,53,2,1,4,2,124,7,Big Spenders
qYGLoJ6u,0.99,53,1,1,1,1,111,3,Lost Cheap Customers
rqBVTPWP,26.97,52,3,1,3,3,133,7,Other
PUu1OJ5X,11.96,46,4,1,2,3,132,6,Other
p62QVP7K,3.99,53,1,1,1,1,111,3,Lost Cheap Customers
Qqw7Ewo2,7.98,50,2,1,2,2,122,5,Other
BDE6Prr4,39.89000000000001,36,11,2,4,4,244,10,Almost Lost
WXt71Syg,118.76999999999994,32,23,3,4,4,344,11,Other
cOTGsVME,146.79999999999998,25,20,4,4,4,444,12,Champions
K68sppqi,11.97,39,3,2,2,3,232,7,Other
CxHII2PM,20.940000000000005,39,6,2,3,4,243,9,Loyal Customers
tYugLWEI,13.950000000000001,42,5,1,2,4,142,7,Loyal Customers
VUhqKCPK,12.98,51,2,1,2,2,122,5,Other
hl4nWyu4,8.99,53,1,1,2,1,112,4,Other
gsXEJxQw,34.99,53,1,1,3,1,113,5,Other
ebT8prqO,131.76999999999995,23,23,4,4,4,444,12,Champions
DDig5HFm,164.87,27,13,3,4,4,344,11,Other
k4uSvkbN,13.97,42,3,1,2,3,132,6,Other
MFRJDYl2,43.96,51,4,1,4,3,134,8,Big Spenders
KcoyvrDu,22.910000000000004,46,9,1,3,4,143,8,Loyal Customers
jDkwRtpH,0.99,53,1,1,1,1,111,3,Lost Cheap Customers
ES8d4bqC,16.99,53,1,1,2,1,112,4,Other
FJEjFWNU,26.950000000000003,36,5,2,3,4,243,9,Loyal Customers
6rTphPwu,17.98,39,2,2,3,2,223,7,Other
KtMfsl54,7.98,52,2,1,2,2,122,5,Other
r4nWpqD1,10.950000000000001,38,5,2,2,4,242,8,Loyal Customers
lO3dfijv,259.96,33,4,2,4,3,234,9,Big Spenders
dTTw8HGp,50.97,43,3,1,4,3,134,8,Big Spenders
7LdP34sM,5.970000000000001,50,3,1,2,3,132,6,Other
uKuigoRE,3.96,51,4,1,1,3,131,5,Other
wC6mRbKQ,115.85999999999999,22,14,4,4,4,444,12,Champions
RFvRDsXe,3.99,52,1,1,1,1,111,3,Lost Cheap Customers
SSpreGnm,73.94999999999999,52,5,1,4,4,144,9,Lost Customers
7hQ8tjvt,8.99,52,1,1,2,1,112,4,Other
FtPT2E7i,38.96,51,4,1,4,3,134,8,Big Spenders
vYslRI4B,17.94,41,6,1,3,4,143,8,Loyal Customers
3iGxvnEb,4.98,38,2,2,1,2,221,5,Other
yRshUn4J,30.939999999999998,37,6,2,3,4,243,9,Loyal Customers
S3Fkgpip,13.950000000000001,47,5,1,2,4,142,7,Loyal Customers
gIN7i67E,92.80999999999997,38,19,2,4,4,244,10,Almost Lost
8FOrTt7T,33.98,52,2,1,3,2,123,6,Other
YGCDwLsH,3.99,52,1,1,1,1,111,3,Lost Cheap Customers
hqlG6HI3,25.979999999999997,52,2,1,3,2,123,6,Other
BhNRbOek,8.99,52,1,1,2,1,112,4,Other
BMw2cuWR,93.93999999999998,25,6,4,4,4,444,12,Champions
gjNYoB4P,117.68999999999996,50,31,1,4,4,144,9,Lost Customers
3KxgGFBU,25.979999999999997,50,2,1,3,2,123,6,Other
sEgXXOnO,11.940000000000001,45,6,1,2,4,142,7,Loyal Customers
gUB57qdO,42.97,46,3,1,4,3,134,8,Big Spenders
QLXdnOCI,43.959999999999994,49,4,1,4,3,134,8,Big Spenders
g3xvufSE,39.95,33,5,2,4,4,244,10,Almost Lost
3K2HlVgS,0.99,51,1,1,1,1,111,3,Lost Cheap Customers
EkWBYCCX,16.99,51,1,1,2,1,112,4,Other
QJSn3XyS,8.99,51,1,1,2,1,112,4,Other
yPcyLTSx,719.88,32,12,3,4,4,344,11,Other
XXmb7p4Q,146.83000000000004,41,17,1,4,4,144,9,Lost Customers
booSjsS5,44.95,36,5,2,4,4,244,10,Almost Lost
YN5jp1eD,3.99,51,1,1,1,1,111,3,Lost Cheap Customers
mSwfRqVp,0.99,51,1,1,1,1,111,3,Lost Cheap Customers
F787BF1W,72.96000000000001,35,4,2,4,3,234,9,Big Spenders
bpKHOgnw,69.94,45,6,1,4,4,144,9,Lost Customers
7VS1TpDE,40.86000000000002,25,14,4,4,4,444,12,Champions
oobJToX5,0.99,51,1,1,1,1,111,3,Lost Cheap Customers
7W7RIeB7,9.98,38,2,2,2,2,222,6,Other
pIDC1bri,37.88,23,12,4,4,4,444,12,Champions
yRtURnLD,244.93000000000004,42,7,1,4,4,144,9,Lost Customers
poFkvBOO,64.96000000000001,50,4,1,4,3,134,8,Big Spenders
kXcc83so,8.99,50,1,1,2,1,112,4,Other
SsQBWqvH,17.96,50,4,1,3,3,133,7,Other
RLp1jwPB,33.98,48,2,1,3,2,123,6,Other
feUjeJHr,7.98,50,2,1,2,2,122,5,Other
hSwxTbX4,264.83000000000004,23,17,4,4,4,444,12,Champions
jHKCfxHh,39.88,30,12,3,4,4,344,11,Other
fWol44wV,6.960000000000001,41,4,1,2,3,132,6,Other
IempNhjF,3.99,50,1,1,1,1,111,3,Lost Cheap Customers
dcM5kWyV,69.96000000000001,35,4,2,4,3,234,9,Big Spenders
shGk87lS,95.96000000000001,44,4,1,4,3,134,8,Big Spenders
6I4XEsCw,8.99,50,1,1,2,1,112,4,Other
FQsBnEU6,23.95,40,5,2,3,4,243,9,Loyal Customers
Cfftvk1U,92.92000000000002,29,8,3,4,4,344,11,Other
iV4biTye,16.92,41,8,1,2,4,142,7,Loyal Customers
ptqGCW3q,0.99,50,1,1,1,1,111,3,Lost Cheap Customers
cjMrFcOq,11.97,44,3,1,2,3,132,6,Other
hUctoILx,53.90000000000001,45,10,1,4,4,144,9,Lost Customers
QXW7k1yt,8.99,50,1,1,2,1,112,4,Other
umWebdEw,139.79999999999998,35,20,2,4,4,244,10,Almost Lost
jwPFyfji,3.99,49,1,1,1,1,111,3,Lost Cheap Customers
owjM4WdD,8.99,49,1,1,2,1,112,4,Other
67bSHdPg,28.889999999999997,38,11,2,3,4,243,9,Loyal Customers
1dgUwcO2,3.99,49,1,1,1,1,111,3,Lost Cheap Customers
RbFBStfK,4.98,48,2,1,1,2,121,4,Other
C2kMHtqu,16.99,49,1,1,2,1,112,4,Other
UlfIbE6o,144.9,45,10,1,4,4,144,9,Lost Customers
whruvXJi,61.94,46,6,1,4,4,144,9,Lost Customers
Me58pOh4,69.98,46,2,1,4,2,124,7,Big Spenders
ptyrbFy6,2.9699999999999998,46,3,1,1,3,131,5,Other
fr7w3jjI,43.96,41,4,1,4,3,134,8,Big Spenders
KCYxomys,42.97,44,3,1,4,3,134,8,Big Spenders
37UvqmkP,3.99,49,1,1,1,1,111,3,Lost Cheap Customers
nbyMlUOG,20.929999999999996,44,7,1,3,4,143,8,Loyal Customers
nFKfoJQH,44.93000000000001,26,7,3,4,4,344,11,Other
Eubu5cw3,259.96,26,4,3,4,3,334,10,Big Spenders
QvbPEvvR,50.97,23,3,4,4,3,434,11,Other
PNb4SH6P,193.92000000000002,23,8,4,4,4,444,12,Champions
u7LPmGYQ,203.95999999999998,33,4,2,4,3,234,9,Big Spenders
mku3sbf6,21.97,39,3,2,3,3,233,8,Other
D7KEhWsr,31.950000000000003,24,5,4,3,4,443,11,Other
ybcBH8XH,3.99,49,1,1,1,1,111,3,Lost Cheap Customers
W2GdYKID,1.98,45,2,1,1,2,121,4,Other
iCQiGJRf,1.98,39,2,2,1,2,221,5,Other
iSs7Glb5,30.96,26,4,3,3,3,333,9,Other
VYfdtu2Q,1.98,48,2,1,1,2,121,4,Other
3GuIRe6c,103.94,41,6,1,4,4,144,9,Lost Customers
8SnfYfxo,20.979999999999997,48,2,1,3,2,123,6,Other
Nt5RL1dW,92.88,23,12,4,4,4,444,12,Champions
FmMQcx5f,46.80000000000002,23,20,4,4,4,444,12,Champions
7mNxbqG1,9.98,47,2,1,2,2,122,5,Other
PpGgLJE1,1206.77,25,23,4,4,4,444,12,Champions
YJnugv8V,12.96,32,4,3,2,3,332,8,Other
Unsh3try,8.99,48,1,1,2,1,112,4,Other
8VpQ26XY,129.92,28,8,3,4,4,344,11,Other
u8ts8hJk,8.97,37,3,2,2,3,232,7,Other
KqPtgBMK,16.97,45,3,1,2,3,132,6,Other
c6Oibgyl,16.95,47,5,1,2,4,142,7,Loyal Customers
xjFgt4B5,43.91,29,9,3,4,4,344,11,Other
uVMTvGfW,3.99,48,1,1,1,1,111,3,Lost Cheap Customers
ONtSX4F4,98.97,34,3,2,4,3,234,9,Big Spenders
v8meEwWT,429.89000000000004,22,11,4,4,4,444,12,Champions
euuUHVt1,21.97,25,3,4,3,3,433,10,Recent Customer
LOP8yXUw,6.960000000000001,48,4,1,2,3,132,6,Other
n5kFCSlt,0.99,48,1,1,1,1,111,3,Lost Cheap Customers
TnYF636M,9.98,47,2,1,2,2,122,5,Other
TiHgIHnY,20.96,38,4,2,3,3,233,8,Other
EMYr5DIm,16.99,48,1,1,2,1,112,4,Other
5DFnLEKl,1.98,48,2,1,1,2,121,4,Other
lJK6PUsG,56.96,47,4,1,4,3,134,8,Big Spenders
tbsvLlLC,340.90000000000003,35,10,2,4,4,244,10,Almost Lost
PRhGcNQr,0.99,48,1,1,1,1,111,3,Lost Cheap Customers
iXmgYQnw,64.92,44,8,1,4,4,144,9,Lost Customers
u1yTFK1N,14.96,33,4,2,2,3,232,7,Other
DI3GsmMy,0.99,47,1,1,1,1,111,3,Lost Cheap Customers
kOiLB18j,68.97,28,3,3,4,3,334,10,Big Spenders
TgHLK6LS,21.97,41,3,1,3,3,133,7,Other
dyc3dGhk,20.949999999999996,34,5,2,3,4,243,9,Loyal Customers
2ugXOg61,10.95,32,5,3,2,4,342,9,Loyal Customers
P4yINiIg,233.94,29,6,3,4,4,344,11,Other
E8BOvT5w,10.97,33,3,2,2,3,232,7,Other
boI7Tl2g,3.99,47,1,1,1,1,111,3,Lost Cheap Customers
MlelisBJ,22.96,47,4,1,3,3,133,7,Other
cXfo7NQb,152.90000000000003,28,10,3,4,4,344,11,Other
6Lgokx6q,291.84000000000003,38,16,2,4,4,244,10,Almost Lost
tHH6TWnr,14.940000000000001,44,6,1,2,4,142,7,Loyal Customers
nogCbrKY,1.98,46,2,1,1,2,121,4,Other
wg55PdGR,0.99,47,1,1,1,1,111,3,Lost Cheap Customers
hxVPK11o,8.99,47,1,1,2,1,112,4,Other
Cffh55WE,86.97,45,3,1,4,3,134,8,Big Spenders
WbdieHDI,3.99,47,1,1,1,1,111,3,Lost Cheap Customers
GRbPvgkB,35.96,45,4,1,3,3,133,7,Other
KEwb8dMj,0.99,47,1,1,1,1,111,3,Lost Cheap Customers
d55HJ8Hj,3.99,47,1,1,1,1,111,3,Lost Cheap Customers
k6FxB2fO,51.980000000000004,47,2,1,4,2,124,7,Big Spenders
LSgwiHmh,177.85999999999996,27,14,3,4,4,344,11,Other
mg7Fb17C,40.85,24,15,4,4,4,444,12,Champions
5q8fklyL,30.940000000000005,40,6,2,3,4,243,9,Loyal Customers
m8dB5vRN,24.97,33,3,2,3,3,233,8,Other
yUr1VtdT,65.92999999999999,25,7,4,4,4,444,12,Champions
B32nKfnb,20.979999999999997,42,2,1,3,2,123,6,Other
BsnfdIKs,42.93000000000001,33,7,2,4,4,244,10,Almost Lost
5Q2PJhGb,2.9699999999999998,33,3,2,1,3,231,6,Other
1iTr5x4O,10.97,46,3,1,2,3,132,6,Other
OveFdgnM,38.980000000000004,44,2,1,4,2,124,7,Big Spenders
rxylnMXc,43.92000000000001,37,8,2,4,4,244,10,Almost Lost
FbQHQKBH,31.949999999999996,41,5,1,3,4,143,8,Loyal Customers
2bIf3SKQ,17.98,41,2,1,3,2,123,6,Other
csqrQdvb,4.98,46,2,1,1,2,121,4,Other
skIn5SjO,7.98,46,2,1,2,2,122,5,Other
22JCVIFk,26.95,41,5,1,3,4,143,8,Loyal Customers
d8I5RTxG,166.78000000000003,34,22,2,4,4,244,10,Almost Lost
dYnU5jGF,160.68,27,32,3,4,4,344,11,Other
sdb2fI7f,74.96,46,4,1,4,3,134,8,Big Spenders
KnV2FYtf,368.91,35,9,2,4,4,244,10,Almost Lost
8uldEIy3,128.90999999999997,34,9,2,4,4,244,10,Almost Lost
pKEhj6vl,25.979999999999997,42,2,1,3,2,123,6,Other
jT4Bewio,16.99,46,1,1,2,1,112,4,Other
bD3DdfgK,11.940000000000001,36,6,2,2,4,242,8,Loyal Customers
6UT3n5v4,12.98,26,2,3,2,2,322,7,Other
Bqmb7dyp,24.950000000000003,37,5,2,3,4,243,9,Loyal Customers
ncOpObjM,95.9,34,10,2,4,4,244,10,Almost Lost
2EdPNPyl,25.979999999999997,43,2,1,3,2,123,6,Other
QKK1xSIM,96.88999999999999,32,11,3,4,4,344,11,Other
BftNExsI,16.94,26,6,3,2,4,342,9,Loyal Customers
Md5MpOxP,16.99,46,1,1,2,1,112,4,Other
dPTUfLMw,14.96,33,4,2,2,3,232,7,Other
jCk8kOyj,114.86999999999998,28,13,3,4,4,344,11,Other
UCG3n4YF,99.97999999999999,37,2,2,4,2,224,8,Big Spenders
m6TWWCiY,89.88999999999999,27,11,3,4,4,344,11,Other
h2YpIxQT,12.98,45,2,1,2,2,122,5,Other
tGnMlXYL,99.97999999999999,44,2,1,4,2,124,7,Big Spenders
8SmTwqhT,43.980000000000004,45,2,1,4,2,124,7,Big Spenders
6rhMQ1ff,7.98,44,2,1,2,2,122,5,Other
GEjshrlP,150.91000000000003,23,9,4,4,4,444,12,Champions
3OXMpCj7,1.98,43,2,1,1,2,121,4,Other
k1Xon71J,88.94999999999999,32,5,3,4,4,344,11,Other
k4Y1Q8E7,12.98,43,2,1,2,2,122,5,Other
iQTgO8Dh,37.860000000000014,28,14,3,3,4,343,10,Loyal Customers
NeIpMe7I,103.78999999999998,26,21,3,4,4,344,11,Other
Bvw8I4wy,280.90000000000003,36,10,2,4,4,244,10,Almost Lost
koSKXmTT,49.940000000000005,44,6,1,4,4,144,9,Lost Customers
qtoiIDRN,8.99,45,1,1,2,1,112,4,Other
uCPXFphU,130.85999999999999,25,14,4,4,4,444,12,Champions
b6yEkU2k,9.98,44,2,1,2,2,122,5,Other
FNoiIvn6,3.96,44,4,1,1,3,131,5,Other
XwiDR3pK,8.99,45,1,1,2,1,112,4,Other
37ign67H,0.99,45,1,1,1,1,111,3,Lost Cheap Customers
XPgqovsB,646.87,22,13,4,4,4,444,12,Champions
8W4DpixV,296.73000000000013,30,27,3,4,4,344,11,Other
7fTfEMBW,1.98,41,2,1,1,2,121,4,Other
1B8J6m2b,33.959999999999994,42,4,1,3,3,133,7,Other
Xr8iqjhR,5.970000000000001,45,3,1,2,3,132,6,Other
iKRmx7oD,3.99,45,1,1,1,1,111,3,Lost Cheap Customers
ObC252Sv,3.99,45,1,1,1,1,111,3,Lost Cheap Customers
jCRHsQEW,8.97,24,3,4,2,3,432,9,Recent Customer
KDHrclHD,3.99,45,1,1,1,1,111,3,Lost Cheap Customers
Iup8xURe,34.93,32,7,3,3,4,343,10,Loyal Customers
CBXVb6id,3.96,39,4,2,1,3,231,6,Other
Cj4m8mOc,7.98,38,2,2,2,2,222,6,Other
BjuNlwFf,0.99,45,1,1,1,1,111,3,Lost Cheap Customers
jEKKkqot,8.99,45,1,1,2,1,112,4,Other
YdYb4fF5,8.99,45,1,1,2,1,112,4,Other
gxowJ6FL,7.98,41,2,1,2,2,122,5,Other
Wx1vwH8b,231.84000000000003,39,16,2,4,4,244,10,Almost Lost
CHQ8SRXf,356.77000000000004,22,23,4,4,4,444,12,Champions
QCvoEsNb,542.88,29,12,3,4,4,344,11,Other
5ekiX5S1,27.939999999999998,34,6,2,3,4,243,9,Loyal Customers
TlXjIklx,3.96,32,4,3,1,3,331,7,Other
lstM4giY,50.97,30,3,3,4,3,334,10,Big Spenders
XLy8BePe,34.99,44,1,1,3,1,113,5,Other
5NP6SbDc,0.99,44,1,1,1,1,111,3,Lost Cheap Customers
IPswHO5N,9.98,41,2,1,2,2,122,5,Other
FMElIEDh,7.98,43,2,1,2,2,122,5,Other
t1NCOQ7U,30.959999999999997,40,4,2,3,3,233,8,Other
3BFmObWq,16.99,44,1,1,2,1,112,4,Other
uEfPqvjK,86.97,38,3,2,4,3,234,9,Big Spenders
KQYhTcuO,35.96,26,4,3,3,3,333,9,Other
o2uKOpMN,29.97,44,3,1,3,3,133,7,Other
wYP363vJ,51.959999999999994,25,4,4,4,3,434,11,Other
4ofYOnDh,0.99,44,1,1,1,1,111,3,Lost Cheap Customers
2tTKxVfc,7.98,44,2,1,2,2,122,5,Other
FGKsbj7p,18.95,25,5,4,3,4,443,11,Other
BrJisYIW,24.939999999999998,28,6,3,3,4,343,10,Loyal Customers
GcgkSI3j,44.95,33,5,2,4,4,244,10,Almost Lost
3lR1uwxd,34.95,36,5,2,3,4,243,9,Loyal Customers
YoxS3tws,14.96,44,4,1,2,3,132,6,Other
KsRuccQP,75.87,28,13,3,4,4,344,11,Other
tFs48SdX,17.979999999999997,41,2,1,3,2,123,6,Other
T3Q6PSr3,8.99,44,1,1,2,1,112,4,Other
57O7Jbjs,13.950000000000001,41,5,1,2,4,142,7,Loyal Customers
tuwMbomK,16.99,44,1,1,2,1,112,4,Other
NGHyBb76,4.98,36,2,2,1,2,221,5,Other
LYWroqLP,8.97,42,3,1,2,3,132,6,Other
vU4PJ1dB,0.99,44,1,1,1,1,111,3,Lost Cheap Customers
gPPcIdE8,13.97,44,3,1,2,3,132,6,Other
UXMWdwuX,52.97,34,3,2,4,3,234,9,Big Spenders
vWVcxTxP,24.940000000000005,42,6,1,3,4,143,8,Loyal Customers
1gHS4GML,11.97,38,3,2,2,3,232,7,Other
66G4XBwF,54.90000000000001,34,10,2,4,4,244,10,Almost Lost
HgICW6Tq,3.99,44,1,1,1,1,111,3,Lost Cheap Customers
IKyofx2J,22.919999999999998,24,8,4,3,4,443,11,Other
N2bjxiyr,29.97,36,3,2,3,3,233,8,Other
1FWyH5rH,35.96,37,4,2,3,3,233,8,Other
5GRu4bG2,98.83999999999999,30,16,3,4,4,344,11,Other
dTLGwvWb,151.94,24,6,4,4,4,444,12,Champions
RgilNy5U,4.95,39,5,2,1,4,241,7,Loyal Customers
XeFMDCtq,32.91000000000001,25,9,4,3,4,443,11,Other
3F4lmKYh,45.940000000000005,27,6,3,4,4,344,11,Other
MGdXDunn,130.95,33,5,2,4,4,244,10,Almost Lost
loieoqLo,43.940000000000005,22,6,4,4,4,444,12,Champions
1iFTsxp5,18.97,37,3,2,3,3,233,8,Other
1QCON48c,8.940000000000001,29,6,3,2,4,342,9,Loyal Customers
hBR82HDK,8.99,43,1,1,2,1,112,4,Other
O1iEjJ8L,8.99,43,1,1,2,1,112,4,Other
f3kDfv1D,7.98,43,2,1,2,2,122,5,Other
WfxnVeie,58.92000000000001,34,8,2,4,4,244,10,Almost Lost
DYuWUtww,129.98,39,2,2,4,2,224,8,Big Spenders
ySCpJeBE,238.93,24,7,4,4,4,444,12,Champions
x6NSjurc,169.89999999999998,32,10,3,4,4,344,11,Other
xgWrUgnl,246.91000000000003,34,9,2,4,4,244,10,Almost Lost
S23KO8wx,131.50999999999993,22,49,4,4,4,444,12,Champions
BWS31uCU,103.94,36,6,2,4,4,244,10,Almost Lost
OKpmMPPH,199.82000000000002,40,18,2,4,4,244,10,Almost Lost
uPEJ5j4o,259.96,38,4,2,4,3,234,9,Big Spenders
w2ls8RII,29.97,42,3,1,3,3,133,7,Other
TMgwLcUf,69.98,31,2,3,4,2,324,9,Big Spenders
7r2OGwSP,174.95000000000002,41,5,1,4,4,144,9,Lost Customers
ShUfCbHj,21.9,25,10,4,3,4,443,11,Other
cswT2Br2,11.940000000000001,26,6,3,2,4,342,9,Loyal Customers
JCkdWpT6,45.84,23,16,4,4,4,444,12,Champions
oODEQS6X,6.930000000000001,42,7,1,2,4,142,7,Loyal Customers
R5pQvqYe,30.96,40,4,2,3,3,233,8,Other
dmyRVrny,55.95,37,5,2,4,4,244,10,Almost Lost
Mx13fmRs,62.89000000000001,25,11,4,4,4,444,12,Champions
G66j4SPk,143.91,29,9,3,4,4,344,11,Other
4QXCmtlc,7.98,40,2,2,2,2,222,6,Other
yBwOy5ol,9.98,42,2,1,2,2,122,5,Other
jnYk3isW,103.96000000000001,24,4,4,4,3,434,11,Other
LWHVXEbx,347.78000000000003,26,22,3,4,4,344,11,Other
cIjCWnYV,20.979999999999997,35,2,2,3,2,223,7,Other
wvTgNhTy,75.89,26,11,3,4,4,344,11,Other
HkyinOsp,25.96,23,4,4,3,3,433,10,Recent Customer
FOTrTR7S,33.959999999999994,31,4,3,3,3,333,9,Other
PiiCHrPj,25.96,22,4,4,3,3,433,10,Recent Customer
if4UNusL,11.97,37,3,2,2,3,232,7,Other
31lck8lT,47.93000000000001,24,7,4,4,4,444,12,Champions
HK1qnjhy,8.99,43,1,1,2,1,112,4,Other
sPyPdM8X,11.97,42,3,1,2,3,132,6,Other
21Te6w6N,9.96,29,4,3,2,3,332,8,Other
YRfdhN2V,0.99,43,1,1,1,1,111,3,Lost Cheap Customers
ylwdEDn1,12.96,22,4,4,2,3,432,9,Recent Customer
ob6p4CdY,34.99,43,1,1,3,1,113,5,Other
WhoCDFE8,3.99,43,1,1,1,1,111,3,Lost Cheap Customers
8m8P1CVS,17.979999999999997,42,2,1,3,2,123,6,Other
pfS51hLP,10.97,27,3,3,2,3,332,8,Other
4yKTm4sc,19.94,24,6,4,3,4,443,11,Other
biQ5mxmL,25.979999999999997,32,2,3,3,2,323,8,Other
5vDWeGyf,22.92,22,8,4,3,4,443,11,Other
TCLYWml5,3.99,42,1,1,1,1,111,3,Lost Cheap Customers
BVlPIvkl,43.959999999999994,29,4,3,4,3,334,10,Big Spenders
HoSOVWPd,100.81,33,19,2,4,4,244,10,Almost Lost
2yoMnOEI,9.98,39,2,2,2,2,222,6,Other
hqfg1G51,0.99,42,1,1,1,1,111,3,Lost Cheap Customers
Xheiy6QE,26.950000000000003,27,5,3,3,4,343,10,Loyal Customers
883Tcc7G,16.99,42,1,1,2,1,112,4,Other
hdOdFgEw,16.99,42,1,1,2,1,112,4,Other
JSocLjuG,34.99,42,1,1,3,1,113,5,Other
PbQRTICi,60.95,38,5,2,4,4,244,10,Almost Lost
MJXi7myK,10.97,41,3,1,2,3,132,6,Other
Ymuu6QJl,13.97,25,3,4,2,3,432,9,Recent Customer
sHMGvQC2,28.95,41,5,1,3,4,143,8,Loyal Customers
fGgQ7dtT,1.98,37,2,2,1,2,221,5,Other
wbokiooP,34.97,22,3,4,3,3,433,10,Recent Customer
KsjPTCoR,3.99,42,1,1,1,1,111,3,Lost Cheap Customers
QJKglToO,34.95,23,5,4,3,4,443,11,Other
ePOi65DR,12.98,42,2,1,2,2,122,5,Other
4mHSMbxM,25.96,22,4,4,3,3,433,10,Recent Customer
wslTYp4k,17.98,26,2,3,3,2,323,8,Other
BwwmdK2k,0.99,42,1,1,1,1,111,3,Lost Cheap Customers
PNgkvrvg,1.98,41,2,1,1,2,121,4,Other
TJ21qSVW,3.99,42,1,1,1,1,111,3,Lost Cheap Customers
enKXMXpD,30.929999999999996,23,7,4,3,4,443,11,Other
72PXivdB,18.97,24,3,4,3,3,433,10,Recent Customer
qNRLJSyd,52.97,42,3,1,4,3,134,8,Big Spenders
kr2GD6Su,43.96,26,4,3,4,3,334,10,Big Spenders
fxUXpTIB,52.94999999999999,39,5,2,4,4,244,10,Almost Lost
oEKIgtD3,34.99,42,1,1,3,1,113,5,Other
McYWlRHH,159.9,40,10,2,4,4,244,10,Almost Lost
MOBGtsDE,155.95,35,5,2,4,4,244,10,Almost Lost
pMDkoDml,26.950000000000003,22,5,4,3,4,443,11,Other
LeVPMT8X,69.91,26,9,3,4,4,344,11,Other
Qtl7HxVn,182.87000000000003,25,13,4,4,4,444,12,Champions
vmq5oeJo,17.979999999999997,42,2,1,3,2,123,6,Other
r5gTEEwd,2.9699999999999998,41,3,1,1,3,131,5,Other
GowYceKi,51.980000000000004,42,2,1,4,2,124,7,Big Spenders
nnu6RNBR,138.90999999999997,35,9,2,4,4,244,10,Almost Lost
iVgBiwCd,16.99,42,1,1,2,1,112,4,Other
5rcOLvWk,1.98,36,2,2,1,2,221,5,Other
sMXw2kmU,55.93000000000001,25,7,4,4,4,444,12,Champions
2UO2v2WY,275.7200000000001,26,28,3,4,4,344,11,Other
gtmX4kC2,8.97,41,3,1,2,3,132,6,Other
IpEWd7SP,8.99,42,1,1,2,1,112,4,Other
Hd3ENnWD,68.93,27,7,3,4,4,344,11,Other
c6X1fUNL,3.99,42,1,1,1,1,111,3,Lost Cheap Customers
ugShPTNt,30.96,40,4,2,3,3,233,8,Other
TBh13oh8,8.99,41,1,1,2,1,112,4,Other
JC33Old1,13.97,41,3,1,2,3,132,6,Other
hwR1vqgf,38.980000000000004,40,2,2,4,2,224,8,Big Spenders
nVLcmlb3,8.99,41,1,1,2,1,112,4,Other
X33DDRs5,13.950000000000001,37,5,2,2,4,242,8,Loyal Customers
GOR2LYnC,0.99,41,1,1,1,1,111,3,Lost Cheap Customers
ipqNH8CM,246.92000000000002,28,8,3,4,4,344,11,Other
N1RcyP75,16.97,41,3,1,2,3,132,6,Other
jVhWoivg,23.950000000000003,26,5,3,3,4,343,10,Loyal Customers
UH64ES25,0.99,41,1,1,1,1,111,3,Lost Cheap Customers
XtQqk8kX,21.969999999999995,22,3,4,3,3,433,10,Recent Customer
7XljlxFw,8.97,35,3,2,2,3,232,7,Other
K32bYPyQ,269.94,28,6,3,4,4,344,11,Other
G4bhLrNU,42.94999999999999,39,5,2,4,4,244,10,Almost Lost
kgJ5GjLE,8.99,41,1,1,2,1,112,4,Other
Gb6fbNI5,8.99,41,1,1,2,1,112,4,Other
vFgntHtb,3.99,41,1,1,1,1,111,3,Lost Cheap Customers
8YKuV4yK,3.99,41,1,1,1,1,111,3,Lost Cheap Customers
fpSRXUED,17.98,41,2,1,3,2,123,6,Other
2MgPIq6G,6.960000000000001,33,4,2,2,3,232,7,Other
7l4OKBmp,1.98,30,2,3,1,2,321,6,Other
bVHG2W1c,0.99,41,1,1,1,1,111,3,Lost Cheap Customers
41X1G2st,82.83,22,17,4,4,4,444,12,Champions
BIUjeOq6,5.970000000000001,22,3,4,2,3,432,9,Recent Customer
il7O7dIR,167.66000000000003,22,34,4,4,4,444,12,Champions
NXtNQ2u3,3.96,39,4,2,1,3,231,6,Other
poPgm4RQ,3.99,41,1,1,1,1,111,3,Lost Cheap Customers
yERUbbYJ,7.98,41,2,1,2,2,122,5,Other
iBUU8Mdn,8.99,41,1,1,2,1,112,4,Other
jlykgQUn,100.96999999999998,33,3,2,4,3,234,9,Big Spenders
DrHPGCl7,10.97,23,3,4,2,3,432,9,Recent Customer
81rHvlV2,9.96,22,4,4,2,3,432,9,Recent Customer
Inv2Bejq,43.94,25,6,4,4,4,444,12,Champions
Xs4eBsxG,24.97,40,3,2,3,3,233,8,Other
oLqt7EgD,8.99,41,1,1,2,1,112,4,Other
tqQ1hdVg,118.85999999999999,24,14,4,4,4,444,12,Champions
jQKqPEV1,80.91,23,9,4,4,4,444,12,Champions
3JsmTNos,1.98,38,2,2,1,2,221,5,Other
JcY5eKYH,256.89,22,11,4,4,4,444,12,Champions
ivemJhjX,16.99,41,1,1,2,1,112,4,Other
JFCsis8E,0.99,41,1,1,1,1,111,3,Lost Cheap Customers
lco4esgw,99.97999999999999,29,2,3,4,2,324,9,Big Spenders
fxicvO2x,5.970000000000001,41,3,1,2,3,132,6,Other
OqGi6VtQ,3.99,41,1,1,1,1,111,3,Lost Cheap Customers
oyqoDVWt,3.99,41,1,1,1,1,111,3,Lost Cheap Customers
KpVJxQ5R,113.96000000000001,25,4,4,4,3,434,11,Other
34sEOqvT,38.92,22,8,4,4,4,444,12,Champions
rCYhl6gP,33.93,31,7,3,3,4,343,10,Loyal Customers
yOKHGRlB,25.979999999999997,40,2,2,3,2,223,7,Other
PwqQ482M,16.97,36,3,2,2,3,232,7,Other
m1WTNLSb,398.91,28,9,3,4,4,344,11,Other
hIhmJnFf,8.99,41,1,1,2,1,112,4,Other
6tPxIuJE,3.99,41,1,1,1,1,111,3,Lost Cheap Customers
bSLeOyFQ,16.97,24,3,4,2,3,432,9,Recent Customer
IVrRQkLq,8.99,41,1,1,2,1,112,4,Other
6vBBgkW8,16.99,41,1,1,2,1,112,4,Other
oWVhNj3O,1.98,41,2,1,1,2,121,4,Other
WSQPGunT,13.97,40,3,2,2,3,232,7,Other
KjPk2BdR,139.93,28,7,3,4,4,344,11,Other
tDVjo3KN,99.84999999999998,32,15,3,4,4,344,11,Other
4eygqv63,54.84,33,16,2,4,4,244,10,Almost Lost
PxcEBM4q,9.98,35,2,2,2,2,222,6,Other
C548yGWL,16.99,40,1,2,2,1,212,5,Other
QJ4U8ySW,33.98,29,2,3,3,2,323,8,Other
3TjeDsPB,807.7800000000001,23,22,4,4,4,444,12,Champions
JMqGCqrM,102.92999999999999,38,7,2,4,4,244,10,Almost Lost
B8UgBTQ6,112.92999999999999,27,7,3,4,4,344,11,Other
vWPiOTl4,20.96,25,4,4,3,3,433,10,Recent Customer
sviyvEvg,34.92,32,8,3,3,4,343,10,Loyal Customers
E5TeHTWe,34.99,40,1,2,3,1,213,6,Other
MDXqB1Et,43.980000000000004,40,2,2,4,2,224,8,Big Spenders
U3jRS7nI,17.98,33,2,2,3,2,223,7,Other
JiBTIuDT,14.930000000000001,38,7,2,2,4,242,8,Loyal Customers
Dl5bYTxi,16.99,40,1,2,2,1,212,5,Other
emw3hQYl,52.97,34,3,2,4,3,234,9,Big Spenders
WD7OuwwD,24.97,40,3,2,3,3,233,8,Other
tISTfIOG,1.98,39,2,2,1,2,221,5,Other
PlVYeGQy,42.97,35,3,2,4,3,234,9,Big Spenders
ex8iTmFW,25.979999999999997,39,2,2,3,2,223,7,Other
FF6Xctdr,0.99,40,1,2,1,1,211,4,Other
BSPRv2S1,0.99,40,1,2,1,1,211,4,Other
NDSY5xVh,0.99,40,1,2,1,1,211,4,Other
SppXrJxx,8.99,40,1,2,2,1,212,5,Other
eCbDGEQD,454.8500000000001,35,15,2,4,4,244,10,Almost Lost
FOfE1GKD,35.96,38,4,2,3,3,233,8,Other
2gQIe3iK,63.910000000000004,33,9,2,4,4,244,10,Almost Lost
rReqivBE,0.99,40,1,2,1,1,211,4,Other
smNmwNYW,219.87000000000003,29,13,3,4,4,344,11,Other
vh2ndU7q,34.99,40,1,2,3,1,213,6,Other
iyltDrki,1.98,40,2,2,1,2,221,5,Other
xYU6kSBs,0.99,40,1,2,1,1,211,4,Other
yrqySCNG,0.99,40,1,2,1,1,211,4,Other
Vb6W65Jp,8.99,40,1,2,2,1,212,5,Other
BxGvSQTS,1.98,40,2,2,1,2,221,5,Other
IPYxSQlM,3.99,39,1,2,1,1,211,4,Other
hDDophMT,0.99,39,1,2,1,1,211,4,Other
mhkHUvo1,2.9699999999999998,39,3,2,1,3,231,6,Other
wiSe74Ce,7.98,39,2,2,2,2,222,6,Other
edrKsPYP,24.909999999999986,24,9,4,3,4,443,11,Other
pG5CbgsJ,0.99,39,1,2,1,1,211,4,Other
uTFTG4Np,30.940000000000005,33,6,2,3,4,243,9,Loyal Customers
7gjdCHsp,34.97,35,3,2,3,3,233,8,Other
CcRVebL6,17.98,39,2,2,3,2,223,7,Other
EWlleWCv,8.99,39,1,2,2,1,212,5,Other
5Io8dlnl,346.93,23,7,4,4,4,444,12,Champions
4jykJvRX,235.91000000000003,24,9,4,4,4,444,12,Champions
v1btyQ2d,7.98,39,2,2,2,2,222,6,Other
7hTIOSOm,7.98,36,2,2,2,2,222,6,Other
7CvjlNKo,16.99,39,1,2,2,1,212,5,Other
vv7r18QP,38.96,25,4,4,4,3,434,11,Other
dcOhBkuW,34.99,39,1,2,3,1,213,6,Other
TwyKw4tC,1.98,39,2,2,1,2,221,5,Other
kDE5W4Ft,14.96,32,4,3,2,3,332,8,Other
TflgU7UE,4.98,36,2,2,1,2,221,5,Other
lNWnr8gb,22.92,25,8,4,3,4,443,11,Other
7qkslMir,26.97,36,3,2,3,3,233,8,Other
pemqI5Ms,30.959999999999997,26,4,3,3,3,333,9,Other
TpILwpPj,43.980000000000004,34,2,2,4,2,224,8,Big Spenders
ghw4Xhge,9.96,32,4,3,2,3,332,8,Other
nShFkNMv,38.940000000000005,23,6,4,4,4,444,12,Champions
p66Pg3Io,7.98,37,2,2,2,2,222,6,Other
QTXIk64E,39.95,26,5,3,4,4,344,11,Other
eCsHEc68,17.98,30,2,3,3,2,323,8,Other
ljspcJ4I,39.95,34,5,2,4,4,244,10,Almost Lost
LNLCHUQS,57.93000000000001,26,7,3,4,4,344,11,Other
sjSErvxO,339.7200000000001,25,28,4,4,4,444,12,Champions
GcNoVTlv,121.94000000000001,33,6,2,4,4,244,10,Almost Lost
GTQNlIRs,403.90000000000003,24,10,4,4,4,444,12,Champions
lHwJFE6D,129.98,33,2,2,4,2,224,8,Big Spenders
g6eXDo2T,12.98,35,2,2,2,2,222,6,Other
PLyNtVdo,2.9699999999999998,38,3,2,1,3,231,6,Other
DC5Uv3Xl,16.97,32,3,3,2,3,332,8,Other
5DeMiME4,8.99,38,1,2,2,1,212,5,Other
rhiPcmPG,7.98,36,2,2,2,2,222,6,Other
51eYWBmf,68.97,28,3,3,4,3,334,10,Big Spenders
LWeWklBG,35.92,27,8,3,3,4,343,10,Loyal Customers
Xc21r7bk,0.99,38,1,2,1,1,211,4,Other
yKMfveSN,304.5000000000001,24,50,4,4,4,444,12,Champions
dR5PSOuh,12.98,38,2,2,2,2,222,6,Other
JW7dxkuu,12.96,34,4,2,2,3,232,7,Other
muHwXHdc,8.97,37,3,2,2,3,232,7,Other
JyuBUHtL,15.900000000000002,28,10,3,2,4,342,9,Loyal Customers
2DRO13q1,9.98,38,2,2,2,2,222,6,Other
bb6pN8pN,346.86000000000007,23,14,4,4,4,444,12,Champions
d5WfFrMk,48.88000000000001,37,12,2,4,4,244,10,Almost Lost
Fp7O4UWU,21.939999999999994,36,6,2,3,4,243,9,Loyal Customers
qiOhewIo,3.99,38,1,2,1,1,211,4,Other
KcPKuNr6,7.98,37,2,2,2,2,222,6,Other
iIeJXo2D,1.98,35,2,2,1,2,221,5,Other
n8Wk5xdL,52.97,32,3,3,4,3,334,10,Big Spenders
gStQS23r,99.97999999999999,33,2,2,4,2,224,8,Big Spenders
SKG8MWjo,574.87,33,13,2,4,4,244,10,Almost Lost
hEfWjpQh,5.970000000000001,37,3,2,2,3,232,7,Other
oRD4nNeQ,13.97,25,3,4,2,3,432,9,Recent Customer
tMQInrkQ,8.99,38,1,2,2,1,212,5,Other
tueSFHGo,60.94999999999999,27,5,3,4,4,344,11,Other
fIIyLNoC,33.98,30,2,3,3,2,323,8,Other
EgKQve4K,3.99,38,1,2,1,1,211,4,Other
ySDmGBjE,2.9699999999999998,36,3,2,1,3,231,6,Other
PF66i54n,8.97,37,3,2,2,3,232,7,Other
hHmEkNhN,36.910000000000004,25,9,4,3,4,443,11,Other
mkDpDuKP,3.99,37,1,2,1,1,211,4,Other
s3tMQSTx,16.97,36,3,2,2,3,232,7,Other
7VN3NnXJ,56.94,29,6,3,4,4,344,11,Other
bkcOdSet,40.92,23,8,4,4,4,444,12,Champions
bObUUn7T,0.99,37,1,2,1,1,211,4,Other
fGRYrSsy,10.97,34,3,2,2,3,232,7,Other
TEQ87jOv,29.97,34,3,2,3,3,233,8,Other
6oewxeJ6,0.99,37,1,2,1,1,211,4,Other
EyfQ2cnd,17.98,35,2,2,3,2,223,7,Other
udGhNBc2,12.98,33,2,2,2,2,222,6,Other
5cIgTPb7,12.98,31,2,3,2,2,322,7,Other
ilSfFXpc,129.98,37,2,2,4,2,224,8,Big Spenders
pSqPk5GY,169.96,24,4,4,4,3,434,11,Other
ROBsI4NO,4.98,37,2,2,1,2,221,5,Other
4qQ6td1q,3.99,37,1,2,1,1,211,4,Other
3WnETBX4,17.98,36,2,2,3,2,223,7,Other
b5ML1B2S,16.99,37,1,2,2,1,212,5,Other
F8HMvGMK,25.979999999999997,34,2,2,3,2,223,7,Other
1qtBuICD,17.98,37,2,2,3,2,223,7,Other
xe4LFLg8,17.96,36,4,2,3,3,233,8,Other
3VMEvNBo,42.97,33,3,2,4,3,234,9,Big Spenders
6JJpncTb,27.96,35,4,2,3,3,233,8,Other
74YMUiFK,1.98,37,2,2,1,2,221,5,Other
KQg6O8Q1,9.98,33,2,2,2,2,222,6,Other
XJdtuvb3,42.97,25,3,4,4,3,434,11,Other
1kU3XQeV,20.939999999999998,28,6,3,3,4,343,10,Loyal Customers
Bkkc1N7J,355.88000000000005,25,12,4,4,4,444,12,Champions
L1wh6PU4,3.99,37,1,2,1,1,211,4,Other
MJK36IPy,198.89000000000001,28,11,3,4,4,344,11,Other
yIGPSm8c,34.99,37,1,2,3,1,213,6,Other
Ck6mYvRM,16.99,37,1,2,2,1,212,5,Other
RHoDOCjj,25.96,35,4,2,3,3,233,8,Other
F6CdHFCb,2.9699999999999998,36,3,2,1,3,231,6,Other
mTgkV7k3,17.98,32,2,3,3,2,323,8,Other
vvcJV1Pj,81.92999999999998,24,7,4,4,4,444,12,Champions
4Dm1JdVr,3.99,37,1,2,1,1,211,4,Other
yi7E2xu3,8.99,37,1,2,2,1,212,5,Other
s4Eukw1L,3.99,37,1,2,1,1,211,4,Other
PryMTiYe,4.98,36,2,2,1,2,221,5,Other
dbbDfs6n,0.99,36,1,2,1,1,211,4,Other
ThqxidhP,68.94999999999999,26,5,3,4,4,344,11,Other
5iRmk8SJ,18.969999999999995,35,3,2,3,3,233,8,Other
Qx2dGiWT,143.87,30,13,3,4,4,344,11,Other
gc6NwCrL,5.970000000000001,32,3,3,2,3,332,8,Other
CfLfecuF,0.99,36,1,2,1,1,211,4,Other
U3EDykdW,8.97,32,3,3,2,3,332,8,Other
bW6IRdkr,3.99,36,1,2,1,1,211,4,Other
emtNWmDX,168.95999999999998,35,4,2,4,3,234,9,Big Spenders
rXIvBiMq,12.98,35,2,2,2,2,222,6,Other
bdE7Gv2J,8.99,36,1,2,2,1,212,5,Other
DqB8kYNg,8.99,36,1,2,2,1,212,5,Other
kwdTBfTi,8.99,36,1,2,2,1,212,5,Other
epmrKsQX,37.97,26,3,3,4,3,334,10,Big Spenders
isdipQ3b,7.98,36,2,2,2,2,222,6,Other
hMcgMvv8,7.98,36,2,2,2,2,222,6,Other
6HQ5yxxp,3.99,36,1,2,1,1,211,4,Other
MwncuhIH,12.98,36,2,2,2,2,222,6,Other
ebOMLIfy,0.99,36,1,2,1,1,211,4,Other
85C4Yxmh,2.9699999999999998,35,3,2,1,3,231,6,Other
7umsoh3l,3.99,36,1,2,1,1,211,4,Other
QGBUyKNW,12.98,35,2,2,2,2,222,6,Other
jMSggQ48,3.99,36,1,2,1,1,211,4,Other
R1sQgGsx,10.97,36,3,2,2,3,232,7,Other
Hxf4mmtM,8.97,28,3,3,2,3,332,8,Other
WBIqeYrS,126.85999999999999,25,14,4,4,4,444,12,Champions
QX6kxTRQ,16.99,36,1,2,2,1,212,5,Other
7FPdhtQW,178.89,31,11,3,4,4,344,11,Other
1jkyUXff,160.88000000000002,32,12,3,4,4,344,11,Other
mesCSWqw,1.98,36,2,2,1,2,221,5,Other
vgr1QL66,67.96,25,4,4,4,3,434,11,Other
fbg5WX6s,0.99,36,1,2,1,1,211,4,Other
fIsvLxji,0.99,36,1,2,1,1,211,4,Other
JnBYkudq,1.98,36,2,2,1,2,221,5,Other
VtlQCkS1,34.870000000000005,24,13,4,3,4,443,11,Other
m2BjVseM,5.970000000000001,36,3,2,2,3,232,7,Other
lo5mhEnS,11.97,34,3,2,2,3,232,7,Other
RX3pksPl,0.99,36,1,2,1,1,211,4,Other
8MYqCVhx,9.96,26,4,3,2,3,332,8,Other
iDJTO5uR,0.99,36,1,2,1,1,211,4,Other
mINL1PNt,36.949999999999996,25,5,4,3,4,443,11,Other
obniQ1fs,1.98,34,2,2,1,2,221,5,Other
wUuf5cjp,34.97,23,3,4,3,3,433,10,Recent Customer
VcQdhgCr,8.99,35,1,2,2,1,212,5,Other
lrPQtXw6,12.96,22,4,4,2,3,432,9,Recent Customer
vlJ7FvlN,3.96,23,4,4,1,3,431,8,Recent Customer
oIjlUDoL,16.99,35,1,2,2,1,212,5,Other
FKuGYTwE,386.91,22,9,4,4,4,444,12,Champions
uBsjNorv,17.98,33,2,2,3,2,223,7,Other
Q72E3cWv,17.98,34,2,2,3,2,223,7,Other
KrFrSRJN,8.99,35,1,2,2,1,212,5,Other
cLleGRSb,12.98,35,2,2,2,2,222,6,Other
nrCLlvHB,12.98,35,2,2,2,2,222,6,Other
ifPDCtvk,44.970000000000006,34,3,2,4,3,234,9,Big Spenders
lP2t35Sx,6.960000000000001,35,4,2,2,3,232,7,Other
qLhM7IrR,65.91,25,9,4,4,4,444,12,Champions
CBqvNgh2,134.97,29,3,3,4,3,334,10,Big Spenders
O1HLyjFP,16.97,33,3,2,2,3,232,7,Other
qJgIVJmw,3.99,35,1,2,1,1,211,4,Other
mrsbQmW7,8.99,35,1,2,2,1,212,5,Other
32URtyH8,5.970000000000001,34,3,2,2,3,232,7,Other
kUrEKLcB,1.98,33,2,2,1,2,221,5,Other
N63Ght3D,218.92000000000002,23,8,4,4,4,444,12,Champions
FRmP2EnK,0.99,35,1,2,1,1,211,4,Other
Ght3sXL4,56.910000000000004,25,9,4,4,4,444,12,Champions
eTbL6Hki,17.98,33,2,2,3,2,223,7,Other
tVo8piff,8.99,35,1,2,2,1,212,5,Other
hm7gogCS,1.98,35,2,2,1,2,221,5,Other
6N5VpSVe,11.97,30,3,3,2,3,332,8,Other
ToxGkQOF,1.98,34,2,2,1,2,221,5,Other
y6k8U6XQ,8.99,35,1,2,2,1,212,5,Other
bClR8fRY,2.9699999999999998,29,3,3,1,3,331,7,Other
dtImeynV,13.97,28,3,3,2,3,332,8,Other
mVyor2s6,28.93,25,7,4,3,4,443,11,Other
IwLYGRip,54.949999999999996,34,5,2,4,4,244,10,Almost Lost
7oKMwhoN,0.99,35,1,2,1,1,211,4,Other
Ge8GyjsQ,51.980000000000004,29,2,3,4,2,324,9,Big Spenders
vW34pP8K,7.98,33,2,2,2,2,222,6,Other
725uHxYy,16.99,35,1,2,2,1,212,5,Other
1MEQjEJb,16.99,35,1,2,2,1,212,5,Other
w5poRmt3,38.93000000000001,34,7,2,4,4,244,10,Almost Lost
KmmlPgYI,25.979999999999997,23,2,4,3,2,423,9,Recent Customer
dlij3N54,9.98,29,2,3,2,2,322,7,Other
bJgg6jh4,34.97,31,3,3,3,3,333,9,Other
56q3JiXV,21.97,35,3,2,3,3,233,8,Other
1jSIfwk1,8.99,35,1,2,2,1,212,5,Other
1gtt4f4W,3.99,35,1,2,1,1,211,4,Other
RL4c61bT,24.950000000000003,27,5,3,3,4,343,10,Loyal Customers
qBdq8Nkf,6.960000000000001,30,4,3,2,3,332,8,Other
OEHInjYU,3.99,35,1,2,1,1,211,4,Other
mj53h8i6,30.96,32,4,3,3,3,333,9,Other
LwYB6Oqp,18.949999999999996,31,5,3,3,4,343,10,Loyal Customers
3uxR3TwC,20.96,33,4,2,3,3,233,8,Other
F3mWulPh,17.979999999999997,30,2,3,3,2,323,8,Other
OL34YuLH,34.93,33,7,2,3,4,243,9,Loyal Customers
bsOL3EDT,18.950000000000003,34,5,2,3,4,243,9,Loyal Customers
jGXpRu8W,2.9699999999999998,33,3,2,1,3,231,6,Other
JIoun7EQ,0.99,35,1,2,1,1,211,4,Other
BRXrJbxW,0.99,35,1,2,1,1,211,4,Other
Y5oWfG7t,464.91,24,9,4,4,4,444,12,Champions
dxsmcIIQ,16.99,34,1,2,2,1,212,5,Other
UnJqFBUX,14.96,34,4,2,2,3,232,7,Other
SEQdgBuy,1.98,34,2,2,1,2,221,5,Other
FephFWQF,19.94,28,6,3,3,4,343,10,Loyal Customers
X4bJyUCx,50.97,24,3,4,4,3,434,11,Other
ScsKe4mq,42.97,25,3,4,4,3,434,11,Other
Kc5Qhqx1,16.99,34,1,2,2,1,212,5,Other
ximQBu5V,20.96,24,4,4,3,3,433,10,Recent Customer
5BjeKor8,0.99,34,1,2,1,1,211,4,Other
FwoLPB4L,3.99,34,1,2,1,1,211,4,Other
pwWGbmFK,66.87000000000002,22,13,4,4,4,444,12,Champions
TYih8FYc,75.90999999999997,28,9,3,4,4,344,11,Other
nT7oTvwS,29.950000000000003,23,5,4,3,4,443,11,Other
L4yvHWCG,22.96,23,4,4,3,3,433,10,Recent Customer
5hTReffB,4.98,26,2,3,1,2,321,6,Other
eeuQvg73,26.97,34,3,2,3,3,233,8,Other
o6QEpPGm,9.98,34,2,2,2,2,222,6,Other
Siv8RrkC,8.99,34,1,2,2,1,212,5,Other
MeJT7Gxr,16.99,34,1,2,2,1,212,5,Other
GBE4XMyf,7.98,33,2,2,2,2,222,6,Other
ukGvSQ88,16.99,34,1,2,2,1,212,5,Other
HrUXO1Sr,13.97,32,3,3,2,3,332,8,Other
RbvpMtkl,259.96,30,4,3,4,3,334,10,Big Spenders
ofrbmv5e,3.99,34,1,2,1,1,211,4,Other
G1SuV6Mo,4.98,31,2,3,1,2,321,6,Other
4wRxbNLs,11.96,34,4,2,2,3,232,7,Other
EHovPy3X,13.97,31,3,3,2,3,332,8,Other
HqryKU4x,8.99,34,1,2,2,1,212,5,Other
hOSLn5rs,49.93000000000001,23,7,4,4,4,444,12,Champions
H7BHCtYO,8.99,34,1,2,2,1,212,5,Other
UTFLMtR1,3.99,34,1,2,1,1,211,4,Other
4toK8yT7,33.98,32,2,3,3,2,323,8,Other
rvwQDdnI,8.99,34,1,2,2,1,212,5,Other
25vV8reE,12.98,34,2,2,2,2,222,6,Other
Pwbox26C,11.97,23,3,4,2,3,432,9,Recent Customer
vvnY2S4E,10.97,23,3,4,2,3,432,9,Recent Customer
wk8oRGq6,4.98,33,2,2,1,2,221,5,Other
wfgDoYBY,3.99,34,1,2,1,1,211,4,Other
GrkEF2Tt,8.97,28,3,3,2,3,332,8,Other
BW7xMj8G,8.99,34,1,2,2,1,212,5,Other
Jgs38d3U,63.910000000000004,23,9,4,4,4,444,12,Champions
IOBuFf73,1.98,34,2,2,1,2,221,5,Other
Bqqdlj5V,0.99,34,1,2,1,1,211,4,Other
UPj6bnyf,37.95,23,5,4,4,4,444,12,Champions
qn4DkVJU,7.98,29,2,3,2,2,322,7,Other
JhxXoJOB,3.99,34,1,2,1,1,211,4,Other
2CmPndiJ,25.96,32,4,3,3,3,333,9,Other
M4moKFIf,44.92999999999999,22,7,4,4,4,444,12,Champions
rKRmWicP,1.98,33,2,2,1,2,221,5,Other
W1PeiPgN,24.97,23,3,4,3,3,433,10,Recent Customer
FXMHRcC2,63.88000000000002,25,12,4,4,4,444,12,Champions
efEP4tcD,5.970000000000001,28,3,3,2,3,332,8,Other
SnBDsfjV,84.92999999999998,29,7,3,4,4,344,11,Other
jfBvOoUy,23.950000000000003,27,5,3,3,4,343,10,Loyal Customers
hcHFtliF,23.949999999999996,25,5,4,3,4,443,11,Other
YHFvjcS1,83.89,26,11,3,4,4,344,11,Other
L4tue1il,8.99,33,1,2,2,1,212,5,Other
dTIEFCLj,12.98,26,2,3,2,2,322,7,Other
u4hBOTfK,26.97,26,3,3,3,3,333,9,Other
61oddRO1,0.99,33,1,2,1,1,211,4,Other
bUO4TDK7,16.99,33,1,2,2,1,212,5,Other
MY4ljt11,3.99,33,1,2,1,1,211,4,Other
3Uf5Yjed,52.949999999999996,28,5,3,4,4,344,11,Other
wUyivjpK,54.93000000000001,23,7,4,4,4,444,12,Champions
mIUqKIXN,92.87999999999998,24,12,4,4,4,444,12,Champions
6DHRyX3h,150.95,28,5,3,4,4,344,11,Other
cGomXgb5,8.99,33,1,2,2,1,212,5,Other
jsbXWGf1,2.9699999999999998,23,3,4,1,3,431,8,Recent Customer
i8x5gCoM,6.960000000000001,31,4,3,2,3,332,8,Other
sMyb88t3,0.99,33,1,2,1,1,211,4,Other
veslUEbS,2.9699999999999998,32,3,3,1,3,331,7,Other
fVlHnxRw,3.99,33,1,2,1,1,211,4,Other
IcdLwRYS,11.97,27,3,3,2,3,332,8,Other
LisRCHol,24.97,29,3,3,3,3,333,9,Other
QyFD1kn7,3.99,33,1,2,1,1,211,4,Other
tWU76B2w,25.96,23,4,4,3,3,433,10,Recent Customer
Cu2tIRFm,8.99,33,1,2,2,1,212,5,Other
bxyscMqH,16.99,33,1,2,2,1,212,5,Other
ompyGqT7,107.83999999999996,24,16,4,4,4,444,12,Champions
uvCJBcMQ,76.94999999999999,25,5,4,4,4,444,12,Champions
kEvbU475,9.98,27,2,3,2,2,322,7,Other
8JcrSlLi,4.98,33,2,2,1,2,221,5,Other
TovvPfQC,0.99,33,1,2,1,1,211,4,Other
JcXFLJ8Y,51.980000000000004,25,2,4,4,2,424,10,Other
EQRJo5cv,17.98,25,2,4,3,2,423,9,Recent Customer
LJnSxmR2,8.99,33,1,2,2,1,212,5,Other
VlbtPov8,8.99,33,1,2,2,1,212,5,Other
ocB8i13L,25.979999999999997,31,2,3,3,2,323,8,Other
4DC3TjwO,25.979999999999997,29,2,3,3,2,323,8,Other
b66ytPEL,140.62999999999997,25,37,4,4,4,444,12,Champions
dxO6mSFN,60.95,23,5,4,4,4,444,12,Champions
ihuCQdQP,3.99,33,1,2,1,1,211,4,Other
mjxnQIwI,5.970000000000001,28,3,3,2,3,332,8,Other
mtQKewyG,0.99,33,1,2,1,1,211,4,Other
7PlS7UFc,7.98,33,2,2,2,2,222,6,Other
VCLICtEO,4.98,31,2,3,1,2,321,6,Other
vc6EMKti,329.94,28,6,3,4,4,344,11,Other
EEMPmqse,15.93,22,7,4,2,4,442,10,Other
JS3yKNsJ,33.940000000000005,26,6,3,3,4,343,10,Loyal Customers
uW3NrspG,7.98,30,2,3,2,2,322,7,Other
4gv7ELFw,0.99,33,1,2,1,1,211,4,Other
eMLBckr7,17.96,26,4,3,3,3,333,9,Other
EKm3clSB,12.96,26,4,3,2,3,332,8,Other
egudstmc,38.980000000000004,28,2,3,4,2,324,9,Big Spenders
rQUJvtpU,107.82999999999994,22,17,4,4,4,444,12,Champions
T7jebsOT,0.99,32,1,3,1,1,311,5,Other
lVvgUW7D,164.96999999999997,28,3,3,4,3,334,10,Big Spenders
PfLIjYOt,408.6400000000001,25,36,4,4,4,444,12,Champions
SSN5QEh4,3.99,32,1,3,1,1,311,5,Other
bwF5W7lE,26.97,25,3,4,3,3,433,10,Recent Customer
iRYuH8iB,26.97,28,3,3,3,3,333,9,Other
DhP6Ecxt,0.99,32,1,3,1,1,311,5,Other
OXfo2vv6,5.970000000000001,31,3,3,2,3,332,8,Other
twfc7IUW,12.98,32,2,3,2,2,322,7,Other
E4QsY4qN,79.88000000000001,29,12,3,4,4,344,11,Other
GrsyRTd3,17.98,30,2,3,3,2,323,8,Other
oJ4MlnIH,8.99,32,1,3,2,1,312,6,Other
VyXsh2fp,132.85999999999996,26,14,3,4,4,344,11,Other
fvEoQIJu,46.91,25,9,4,4,4,444,12,Champions
cDUuGoqK,10.97,27,3,3,2,3,332,8,Other
8Ppohvg3,24.97,27,3,3,3,3,333,9,Other
rxQD8P5W,0.99,32,1,3,1,1,311,5,Other
dhtgqYju,3.99,32,1,3,1,1,311,5,Other
gWQDQxUr,8.99,32,1,3,2,1,312,6,Other
ulyWxJjU,3.99,32,1,3,1,1,311,5,Other
rqN4TgKv,37.97,27,3,3,4,3,334,10,Big Spenders
5ImmJ8jO,8.940000000000001,23,6,4,2,4,442,10,Other
5ErsuvbE,3.99,32,1,3,1,1,311,5,Other
leIU8VE5,0.99,32,1,3,1,1,311,5,Other
vC1OkYNF,8.99,32,1,3,2,1,312,6,Other
uhPPdHBP,86.97,24,3,4,4,3,434,11,Other
RTQESrKE,16.99,32,1,3,2,1,312,6,Other
6ffCGGxm,12.98,23,2,4,2,2,422,8,Recent Customer
tmjBeM2w,3.99,32,1,3,1,1,311,5,Other
Qg1x7W4j,3.99,32,1,3,1,1,311,5,Other
UskEY6J2,8.99,32,1,3,2,1,312,6,Other
UPfXifgG,51.92000000000001,24,8,4,4,4,444,12,Champions
pJWuY64q,0.99,32,1,3,1,1,311,5,Other
I5GxdDjS,45.96000000000001,27,4,3,4,3,334,10,Big Spenders
sXSmliD1,21.97,25,3,4,3,3,433,10,Recent Customer
L3e7wKtm,8.99,32,1,3,2,1,312,6,Other
44UJTfD8,12.98,30,2,3,2,2,322,7,Other
8xqLj6fD,8.99,32,1,3,2,1,312,6,Other
J6gKxviy,0.99,32,1,3,1,1,311,5,Other
FcuPIfbL,12.98,32,2,3,2,2,322,7,Other
obClJcQH,3.99,31,1,3,1,1,311,5,Other
yEd7Xxyl,7.98,25,2,4,2,2,422,8,Recent Customer
4HyQTyJF,0.99,31,1,3,1,1,311,5,Other
HsNlqDGW,18.9,22,10,4,3,4,443,11,Other
Wvt5dC4l,19.950000000000003,28,5,3,3,4,343,10,Loyal Customers
xPR8WWqs,37.97,28,3,3,4,3,334,10,Big Spenders
RbNDqhEN,20.96,25,4,4,3,3,433,10,Recent Customer
mIrKbUpg,3.99,31,1,3,1,1,311,5,Other
NRBWvCcg,0.99,31,1,3,1,1,311,5,Other
VwMjreKj,57.93,23,7,4,4,4,444,12,Champions
mKWOsN3J,86.89000000000001,24,11,4,4,4,444,12,Champions
xdPTnhXQ,33.98,26,2,3,3,2,323,8,Other
gdGICqJc,16.99,31,1,3,2,1,312,6,Other
YmPr7s81,112.94999999999999,31,5,3,4,4,344,11,Other
SKjdkxYt,17.98,23,2,4,3,2,423,9,Recent Customer
rOl18rcM,8.99,31,1,3,2,1,312,6,Other
1poWRslf,3.99,31,1,3,1,1,311,5,Other
NIdrM2nd,9.98,25,2,4,2,2,422,8,Recent Customer
NSUJCOiL,3.99,31,1,3,1,1,311,5,Other
xOXUqrs8,134.97,24,3,4,4,3,434,11,Other
QmYIVj2M,8.99,31,1,3,2,1,312,6,Other
RClVQDoe,3.99,31,1,3,1,1,311,5,Other
PdDej1cw,0.99,31,1,3,1,1,311,5,Other
OHOPbemO,21.839999999999996,25,16,4,3,4,443,11,Other
kkFgnFdT,3.99,31,1,3,1,1,311,5,Other
nvVmI5Nc,119.89999999999996,23,10,4,4,4,444,12,Champions
1OC22ivW,3.99,31,1,3,1,1,311,5,Other
iBQqltbv,18.950000000000003,31,5,3,3,4,343,10,Loyal Customers
qNgILr8N,16.950000000000003,27,5,3,2,4,342,9,Loyal Customers
pMosQmUm,68.88,23,12,4,4,4,444,12,Champions
HxOE4Icx,30.96,23,4,4,3,3,433,10,Recent Customer
7ihjuVEq,29.950000000000003,27,5,3,3,4,343,10,Loyal Customers
w14lIyxE,20.96,22,4,4,3,3,433,10,Recent Customer
nNNLfF83,34.97,22,3,4,3,3,433,10,Recent Customer
tWjpUffN,8.99,31,1,3,2,1,312,6,Other
jvNFqYcx,12.870000000000001,22,13,4,2,4,442,10,Other
fgQwvg8c,14.910000000000002,23,9,4,2,4,442,10,Other
xSpK1MWQ,99.97999999999999,30,2,3,4,2,324,9,Big Spenders
5WPJPnQ6,16.99,31,1,3,2,1,312,6,Other
tMCKGymn,92.91999999999999,29,8,3,4,4,344,11,Other
dfh8PRTo,16.97,27,3,3,2,3,332,8,Other
UWEMskjL,16.97,28,3,3,2,3,332,8,Other
l18xjmot,22.909999999999997,26,9,3,3,4,343,10,Loyal Customers
yFDNflMk,0.99,30,1,3,1,1,311,5,Other
Gp7QN4jp,89.81000000000002,22,19,4,4,4,444,12,Champions
8HTjumIp,90.96999999999998,28,3,3,4,3,334,10,Big Spenders
JpgMsRwC,17.98,30,2,3,3,2,323,8,Other
DNv1sex3,16.97,23,3,4,2,3,432,9,Recent Customer
Pitg7o1H,8.97,22,3,4,2,3,432,9,Recent Customer
GYoIDgpk,3.99,30,1,3,1,1,311,5,Other
w53rQNT5,0.99,30,1,3,1,1,311,5,Other
v6EB7fHb,1.98,30,2,3,1,2,321,6,Other
IyiRbWCO,165.90000000000003,22,10,4,4,4,444,12,Champions
gyLcIDxC,33.98,28,2,3,3,2,323,8,Other
yCQIYQDU,120.92999999999999,24,7,4,4,4,444,12,Champions
gbeMTFl1,62.93000000000001,22,7,4,4,4,444,12,Champions
iXBDme2t,0.99,30,1,3,1,1,311,5,Other
k5XSskN5,17.98,24,2,4,3,2,423,9,Recent Customer
XXkLsF5n,57.93,27,7,3,4,4,344,11,Other
cweGGi8o,12.98,29,2,3,2,2,322,7,Other
2MbyJvcl,0.99,30,1,3,1,1,311,5,Other
kUkxHwRd,16.99,30,1,3,2,1,312,6,Other
Bjq74XJG,2.9699999999999998,28,3,3,1,3,331,7,Other
hteQIu5S,0.99,30,1,3,1,1,311,5,Other
oKEewvsJ,9.98,30,2,3,2,2,322,7,Other
flQ3lO4y,3.99,30,1,3,1,1,311,5,Other
uVvlywyt,3.99,30,1,3,1,1,311,5,Other
W2Mvst4X,3.99,30,1,3,1,1,311,5,Other
jdCdPfj5,8.99,30,1,3,2,1,312,6,Other
uGjyWCyI,65.89000000000001,22,11,4,4,4,444,12,Champions
Xx2DUY6u,8.99,30,1,3,2,1,312,6,Other
kiS7IbYl,26.849999999999987,22,15,4,3,4,443,11,Other
hppU3Pvs,76.85,26,15,3,4,4,344,11,Other
yExIGlU5,71.96000000000001,22,4,4,4,3,434,11,Other
G2heEc7C,0.99,30,1,3,1,1,311,5,Other
VFYXHjPN,3.99,30,1,3,1,1,311,5,Other
oLUQ2U7R,56.940000000000005,25,6,4,4,4,444,12,Champions
YVRWcVLH,21.97,27,3,3,3,3,333,9,Other
4qR7IFre,0.99,30,1,3,1,1,311,5,Other
LY2b6bYs,0.99,30,1,3,1,1,311,5,Other
NgSgu7n2,0.99,30,1,3,1,1,311,5,Other
fUQoWKW7,17.979999999999997,28,2,3,3,2,323,8,Other
8Loi7CWE,16.99,30,1,3,2,1,312,6,Other
gyBwhyoC,11.97,29,3,3,2,3,332,8,Other
kJKVSxHP,98.78999999999996,23,21,4,4,4,444,12,Champions
kFIqlwoM,16.99,30,1,3,2,1,312,6,Other
xBTJ1rjC,17.98,30,2,3,3,2,323,8,Other
wmR8tdDW,16.99,30,1,3,2,1,312,6,Other
TbpXmpTu,64.99,30,1,3,4,1,314,8,Big Spenders
BLH1JW6S,69.96000000000001,23,4,4,4,3,434,11,Other
TwXNk4BU,52.849999999999994,22,15,4,4,4,444,12,Champions
6q8q2EbI,42.91999999999999,23,8,4,4,4,444,12,Champions
bRQlSXVf,12.98,22,2,4,2,2,422,8,Recent Customer
qWS45otX,27.96,22,4,4,3,3,433,10,Recent Customer
xfSBm4rv,9.98,29,2,3,2,2,322,7,Other
jpf4DTgb,9.96,25,4,4,2,3,432,9,Recent Customer
jqXeQMEj,8.99,29,1,3,2,1,312,6,Other
NFldhgCh,26.97,22,3,4,3,3,433,10,Recent Customer
cWNMTcDU,0.99,29,1,3,1,1,311,5,Other
MIVUG7e5,5.94,23,6,4,2,4,442,10,Other
EUu6kIB3,18.97,28,3,3,3,3,333,9,Other
SNeffmb6,20.979999999999997,28,2,3,3,2,323,8,Other
kptiOhxG,16.99,29,1,3,2,1,312,6,Other
erpvJQYb,4.95,27,5,3,1,4,341,8,Loyal Customers
myGVqDku,8.99,29,1,3,2,1,312,6,Other
kC4rjeQI,107.88,22,12,4,4,4,444,12,Champions
H357Rb6r,3.99,29,1,3,1,1,311,5,Other
CwCGrbDE,77.88,22,12,4,4,4,444,12,Champions
8Sfwk2bO,3.99,29,1,3,1,1,311,5,Other
m3clcGhi,5.970000000000001,29,3,3,2,3,332,8,Other
86X6lTYC,64.99,29,1,3,4,1,314,8,Big Spenders
Ie7LFKec,51.980000000000004,28,2,3,4,2,324,9,Big Spenders
U24ugBL2,24.940000000000005,22,6,4,3,4,443,11,Other
pGPOfYgm,93.91999999999999,23,8,4,4,4,444,12,Champions
dWDTvj7G,0.99,29,1,3,1,1,311,5,Other
GMsxRDIs,8.99,29,1,3,2,1,312,6,Other
duHup64k,70.93,23,7,4,4,4,444,12,Champions
gMYFMVU5,194.96999999999997,28,3,3,4,3,334,10,Big Spenders
dhDDjGpV,17.979999999999997,23,2,4,3,2,423,9,Recent Customer
NMK6WWBM,11.97,24,3,4,2,3,432,9,Recent Customer
grLWwCRv,8.99,29,1,3,2,1,312,6,Other
W7sJv8y8,8.99,29,1,3,2,1,312,6,Other
PJED6inR,3.99,29,1,3,1,1,311,5,Other
x4Qmv7Jh,34.99,29,1,3,3,1,313,7,Other
6sbPjSQN,59.930000000000014,22,7,4,4,4,444,12,Champions
Q2BUhtmM,17.98,27,2,3,3,2,323,8,Other
mL8KN6RD,20.979999999999997,27,2,3,3,2,323,8,Other
DFWCDXKw,8.97,22,3,4,2,3,432,9,Recent Customer
Tr62kcHo,336.90000000000003,23,10,4,4,4,444,12,Champions
oyIliFH8,34.99,29,1,3,3,1,313,7,Other
cwjDvN3S,38.96,22,4,4,4,3,434,11,Other
bNKhmonO,59.959999999999994,22,4,4,4,3,434,11,Other
bBWVUxG5,55.970000000000006,26,3,3,4,3,334,10,Big Spenders
BOUPbRVu,8.99,29,1,3,2,1,312,6,Other
pImRduOO,3.99,29,1,3,1,1,311,5,Other
WiPCGtdY,25.96,22,4,4,3,3,433,10,Recent Customer
JsLvJvtv,16.99,28,1,3,2,1,312,6,Other
8NmdtSPq,16.99,28,1,3,2,1,312,6,Other
gjVVcRLX,19.939999999999994,26,6,3,3,4,343,10,Loyal Customers
3tCvyl2m,75.91,24,9,4,4,4,444,12,Champions
WNi42GTg,34.99,28,1,3,3,1,313,7,Other
FRnCtQH3,20.979999999999997,28,2,3,3,2,323,8,Other
jo5qG3Gd,16.99,28,1,3,2,1,312,6,Other
w5nCMEpS,6.960000000000001,27,4,3,2,3,332,8,Other
OfnNgCxh,43.96,24,4,4,4,3,434,11,Other
fOcOU61c,34.99,28,1,3,3,1,313,7,Other
oOwScBW2,25.979999999999997,28,2,3,3,2,323,8,Other
X7CVDxNt,4.98,26,2,3,1,2,321,6,Other
swrm8rBD,0.99,28,1,3,1,1,311,5,Other
YhIf6e8e,0.99,28,1,3,1,1,311,5,Other
b8YLE7Ek,8.99,28,1,3,2,1,312,6,Other
4B7twD3L,8.97,27,3,3,2,3,332,8,Other
wVCtFuIe,34.99,28,1,3,3,1,313,7,Other
R5DKwYyi,1.98,24,2,4,1,2,421,7,Recent Customer
rpgO6Mnb,16.99,28,1,3,2,1,312,6,Other
LqH2oOVt,0.99,28,1,3,1,1,311,5,Other
KoK8YL7i,0.99,28,1,3,1,1,311,5,Other
CJSve4BQ,4.98,28,2,3,1,2,321,6,Other
eJ2he33v,69.93999999999998,26,6,3,4,4,344,11,Other
BNgUhb83,7.98,28,2,3,2,2,322,7,Other
NdudG5rC,25.93,23,7,4,3,4,443,11,Other
sgI8YQNy,8.99,28,1,3,2,1,312,6,Other
tDYIXcW6,16.99,28,1,3,2,1,312,6,Other
2GDkwyRd,0.99,28,1,3,1,1,311,5,Other
H8cEMJ5L,1.98,22,2,4,1,2,421,7,Recent Customer
R8wlGKoT,71.92,22,8,4,4,4,444,12,Champions
cSVRyfw2,6.960000000000001,28,4,3,2,3,332,8,Other
bFVo7qh8,13.97,23,3,4,2,3,432,9,Recent Customer
pb1Fr3vl,46.93000000000001,22,7,4,4,4,444,12,Champions
sKwerp7w,34.99,27,1,3,3,1,313,7,Other
OuNQLlTp,32.94,23,6,4,3,4,443,11,Other
2w8FlblF,25.959999999999997,22,4,4,3,3,433,10,Recent Customer
Sij2pco6,3.99,27,1,3,1,1,311,5,Other
IynL4YDK,8.99,27,1,3,2,1,312,6,Other
OOtYKxf5,17.98,23,2,4,3,2,423,9,Recent Customer
LQcfYUXS,0.99,27,1,3,1,1,311,5,Other
Q2nn1hBm,3.99,27,1,3,1,1,311,5,Other
d6leXXnY,8.99,27,1,3,2,1,312,6,Other
nokKkGNc,0.99,27,1,3,1,1,311,5,Other
J4tVnLxO,78.93,22,7,4,4,4,444,12,Champions
WnVB8NQK,17.979999999999997,25,2,4,3,2,423,9,Recent Customer
2kSu5qF4,0.99,27,1,3,1,1,311,5,Other
x55tjhXr,18.969999999999995,27,3,3,3,3,333,9,Other
oxhXnrDh,21.969999999999995,25,3,4,3,3,433,10,Recent Customer
bT5FtRqx,8.99,27,1,3,2,1,312,6,Other
88Uv2wqq,3.99,27,1,3,1,1,311,5,Other
7kEwKgmo,17.98,26,2,3,3,2,323,8,Other
Ewt1cube,8.94,25,6,4,2,4,442,10,Other
OeJwbGc6,71.84999999999998,26,15,3,4,4,344,11,Other
pOOYbrJT,0.99,27,1,3,1,1,311,5,Other
FMG52LRi,12.98,27,2,3,2,2,322,7,Other
lbilNiNk,3.99,27,1,3,1,1,311,5,Other
QVuUCc4s,18.95,24,5,4,3,4,443,11,Other
33x1PBvr,139.96,24,4,4,4,3,434,11,Other
H6LlRKYB,16.97,25,3,4,2,3,432,9,Recent Customer
lmq5x1NJ,5.970000000000001,23,3,4,2,3,432,9,Recent Customer
tJixNolu,0.99,27,1,3,1,1,311,5,Other
qv8BppwB,12.98,27,2,3,2,2,322,7,Other
p5SSdDVv,8.99,27,1,3,2,1,312,6,Other
KkuDfv2r,3.99,27,1,3,1,1,311,5,Other
d6BMtrML,3.99,27,1,3,1,1,311,5,Other
SKXTk118,1.98,27,2,3,1,2,321,6,Other
xr7YhxmG,0.99,27,1,3,1,1,311,5,Other
QL63XpkY,24.97,26,3,3,3,3,333,9,Other
XkiBomrr,22.959999999999994,26,4,3,3,3,333,9,Other
4qJMuB2j,8.99,26,1,3,2,1,312,6,Other
yic5TxdE,8.99,26,1,3,2,1,312,6,Other
16p8U2Rt,3.99,26,1,3,1,1,311,5,Other
RjRrby74,139.94,24,6,4,4,4,444,12,Champions
Pcr4rwcd,3.99,26,1,3,1,1,311,5,Other
UYnIXDNx,10.97,23,3,4,2,3,432,9,Recent Customer
h6S8Mess,5.970000000000001,26,3,3,2,3,332,8,Other
QeLRlVys,3.99,26,1,3,1,1,311,5,Other
5KMGmlVs,33.98,23,2,4,3,2,423,9,Recent Customer
mM8qqw5o,0.99,26,1,3,1,1,311,5,Other
JmEbL5sL,9.98,22,2,4,2,2,422,8,Recent Customer
7inOuCXp,0.99,26,1,3,1,1,311,5,Other
57srk3qD,0.99,26,1,3,1,1,311,5,Other
kiHWCSO2,24.950000000000003,24,5,4,3,4,443,11,Other
82vgMSV6,397.86000000000007,22,14,4,4,4,444,12,Champions
ojtr5yBd,12.98,25,2,4,2,2,422,8,Recent Customer
iq5xsuu5,3.99,26,1,3,1,1,311,5,Other
IQEMGEeX,17.979999999999997,26,2,3,3,2,323,8,Other
bibklMcO,24.950000000000003,23,5,4,3,4,443,11,Other
gTUb7oRy,29.97,23,3,4,3,3,433,10,Recent Customer
OiOHvGV5,12.98,26,2,3,2,2,322,7,Other
ofXVw37x,35.96,24,4,4,3,3,433,10,Recent Customer
WYQTnolU,3.99,26,1,3,1,1,311,5,Other
WpeHIFgI,43.96,22,4,4,4,3,434,11,Other
fr3kIQ7M,16.99,26,1,3,2,1,312,6,Other
6mDMg4BN,9.98,24,2,4,2,2,422,8,Recent Customer
qWYjmPpQ,13.97,26,3,3,2,3,332,8,Other
XsnWcO8J,11.96,26,4,3,2,3,332,8,Other
BBsvMNCF,0.99,26,1,3,1,1,311,5,Other
rlKh7nXr,9.98,26,2,3,2,2,322,7,Other
YF1KX8rm,3.99,26,1,3,1,1,311,5,Other
V33s3GE1,47.97,26,3,3,4,3,334,10,Big Spenders
YxjSkUWm,8.99,26,1,3,2,1,312,6,Other
MeKONWx7,33.98,22,2,4,3,2,423,9,Recent Customer
OglFcNOD,25.979999999999997,22,2,4,3,2,423,9,Recent Customer
3TkkbDGx,13.97,26,3,3,2,3,332,8,Other
Gi5OTxpx,3.99,26,1,3,1,1,311,5,Other
oH3SN8Yp,1.98,26,2,3,1,2,321,6,Other
l3HFT7SN,3.99,26,1,3,1,1,311,5,Other
3vEgnkcY,16.99,26,1,3,2,1,312,6,Other
G1EUoVD8,8.99,26,1,3,2,1,312,6,Other
6DhQcDeS,17.98,26,2,3,3,2,323,8,Other
4pQ77NvE,21.93,25,7,4,3,4,443,11,Other
2owLYMYh,3.99,25,1,4,1,1,411,6,Recent Customer
B6jwT1Yi,3.99,25,1,4,1,1,411,6,Recent Customer
cSLX7WrO,25.96,25,4,4,3,3,433,10,Recent Customer
X64LJkrc,62.930000000000014,25,7,4,4,4,444,12,Champions
QRwECqum,27.959999999999994,22,4,4,3,3,433,10,Recent Customer
KCqORJfD,20.979999999999997,24,2,4,3,2,423,9,Recent Customer
BdsmHUTg,27.959999999999994,24,4,4,3,3,433,10,Recent Customer
xhmrPWgm,12.98,23,2,4,2,2,422,8,Recent Customer
G6TuohSb,16.99,25,1,4,2,1,412,7,Recent Customer
HSvt8KCG,67.96,22,4,4,4,3,434,11,Other
orMlyFHk,130.95,23,5,4,4,4,444,12,Champions
EixbSEsN,38.940000000000005,24,6,4,4,4,444,12,Champions
4rvxMyHU,12.950000000000001,22,5,4,2,4,442,10,Other
fQhkMwvJ,1.98,22,2,4,1,2,421,7,Recent Customer
1ej6O1Ep,12.98,24,2,4,2,2,422,8,Recent Customer
OgpxqiRd,3.99,25,1,4,1,1,411,6,Recent Customer
SXMSSg6b,8.99,25,1,4,2,1,412,7,Recent Customer
mPLG2gsG,8.99,25,1,4,2,1,412,7,Recent Customer
RqKV1D8f,7.98,25,2,4,2,2,422,8,Recent Customer
e1xoOjlo,0.99,25,1,4,1,1,411,6,Recent Customer
dfTJxGmE,16.99,25,1,4,2,1,412,7,Recent Customer
Eb3kPsun,30.96,23,4,4,3,3,433,10,Recent Customer
4fwNsD7c,13.950000000000001,22,5,4,2,4,442,10,Other
f5ROYyRq,38.959999999999994,23,4,4,4,3,434,11,Other
bdUTurSe,17.959999999999997,24,4,4,3,3,433,10,Recent Customer
RGs7rTtg,3.99,25,1,4,1,1,411,6,Recent Customer
G4jjMIFL,34.99,25,1,4,3,1,413,8,Recent Customer
bxvsJIyp,3.99,25,1,4,1,1,411,6,Recent Customer
s8cXVloT,2.9699999999999998,25,3,4,1,3,431,8,Recent Customer
HOmfCwDL,51.980000000000004,23,2,4,4,2,424,10,Other
cMDy5JV4,16.99,25,1,4,2,1,412,7,Recent Customer
cxpVHO6P,12.98,25,2,4,2,2,422,8,Recent Customer
xnIdunfH,8.99,25,1,4,2,1,412,7,Recent Customer
qvjyPfwc,1.98,23,2,4,1,2,421,7,Recent Customer
E832enkO,8.99,25,1,4,2,1,412,7,Recent Customer
57kNmBmE,34.99,25,1,4,3,1,413,8,Recent Customer
jbpj2KsI,22.959999999999994,23,4,4,3,3,433,10,Recent Customer
5tyNT1TK,3.99,25,1,4,1,1,411,6,Recent Customer
kbN1Ulf8,34.99,25,1,4,3,1,413,8,Recent Customer
Od1C4OXK,16.99,24,1,4,2,1,412,7,Recent Customer
RbHO1HC5,21.969999999999995,23,3,4,3,3,433,10,Recent Customer
uvbnLJ1T,3.99,24,1,4,1,1,411,6,Recent Customer
e3Mmqqsw,64.99,24,1,4,4,1,414,9,Other
1uSw7c4Q,9.96,24,4,4,2,3,432,9,Recent Customer
e1jVS4xi,8.99,24,1,4,2,1,412,7,Recent Customer
ReQlX3S2,8.99,24,1,4,2,1,412,7,Recent Customer
uIrKF8Ui,8.99,24,1,4,2,1,412,7,Recent Customer
Uhit2fM7,0.99,24,1,4,1,1,411,6,Recent Customer
12tBHsip,3.99,24,1,4,1,1,411,6,Recent Customer
YGlIKJgi,216.94,22,6,4,4,4,444,12,Champions
BMpm8pVJ,8.99,24,1,4,2,1,412,7,Recent Customer
Jx6gmioi,0.99,24,1,4,1,1,411,6,Recent Customer
WrK2DOxi,8.99,24,1,4,2,1,412,7,Recent Customer
WVEjiKyb,1.98,23,2,4,1,2,421,7,Recent Customer
QqmyHwQq,16.99,24,1,4,2,1,412,7,Recent Customer
Rhu2h3m5,8.99,24,1,4,2,1,412,7,Recent Customer
MeY8jRYW,21.97,22,3,4,3,3,433,10,Recent Customer
5D7FCoFn,12.96,24,4,4,2,3,432,9,Recent Customer
mbLMCHEG,3.99,24,1,4,1,1,411,6,Recent Customer
lByON7KS,0.99,24,1,4,1,1,411,6,Recent Customer
K22JfPoD,64.99,24,1,4,4,1,414,9,Other
DESfVwr1,77.94,22,6,4,4,4,444,12,Champions
FOTEMjNF,16.99,24,1,4,2,1,412,7,Recent Customer
XyCstJlW,8.99,24,1,4,2,1,412,7,Recent Customer
fxn3pbeP,0.99,24,1,4,1,1,411,6,Recent Customer
MwsHgush,2.9699999999999998,23,3,4,1,3,431,8,Recent Customer
NQhT7lsW,26.949999999999996,22,5,4,3,4,443,11,Other
eJnbdPDU,12.98,24,2,4,2,2,422,8,Recent Customer
LW4SfP7f,9.98,24,2,4,2,2,422,8,Recent Customer
q8oFjbph,2.9699999999999998,24,3,4,1,3,431,8,Recent Customer
c8X163vh,34.97,22,3,4,3,3,433,10,Recent Customer
56LRBsoK,3.99,24,1,4,1,1,411,6,Recent Customer
lNRnI5YB,19.950000000000003,22,5,4,3,4,443,11,Other
WlNy5NI3,0.99,24,1,4,1,1,411,6,Recent Customer
N4bSvE72,8.99,24,1,4,2,1,412,7,Recent Customer
d3hdwStV,3.99,24,1,4,1,1,411,6,Recent Customer
bce6NGWX,26.969999999999995,22,3,4,3,3,433,10,Recent Customer
6WnOuJSq,8.99,24,1,4,2,1,412,7,Recent Customer
yxLPPljP,3.99,24,1,4,1,1,411,6,Recent Customer
hUBOLE4p,4.98,24,2,4,1,2,421,7,Recent Customer
ODrqinYY,3.99,24,1,4,1,1,411,6,Recent Customer
RW7PPwxL,51.980000000000004,22,2,4,4,2,424,10,Other
YgtD56Xi,16.99,24,1,4,2,1,412,7,Recent Customer
lfujREfM,16.99,24,1,4,2,1,412,7,Recent Customer
beFutOlg,8.99,24,1,4,2,1,412,7,Recent Customer
bDWJVquD,1.98,23,2,4,1,2,421,7,Recent Customer
4Mj8pXqY,16.99,23,1,4,2,1,412,7,Recent Customer
vUEv7xLg,21.97,23,3,4,3,3,433,10,Recent Customer
Ksjkyoxk,50.97,22,3,4,4,3,434,11,Other
xNB6kbIx,33.98,23,2,4,3,2,423,9,Recent Customer
qd8v3cIR,34.99,23,1,4,3,1,413,8,Recent Customer
LetBigcy,259.96,22,4,4,4,3,434,11,Other
qrSPioFO,19.96,23,4,4,3,3,433,10,Recent Customer
d6kt5UGn,3.99,23,1,4,1,1,411,6,Recent Customer
bCqVImwl,8.99,23,1,4,2,1,412,7,Recent Customer
FuEfMCvW,8.99,23,1,4,2,1,412,7,Recent Customer
jVKu5OdD,8.99,23,1,4,2,1,412,7,Recent Customer
EXq4cjOR,0.99,23,1,4,1,1,411,6,Recent Customer
dwiNFW4t,4.98,23,2,4,1,2,421,7,Recent Customer
DHF3cGQY,0.99,23,1,4,1,1,411,6,Recent Customer
vlw1uRUy,55.97,23,3,4,4,3,434,11,Other
xDElDkXT,8.99,23,1,4,2,1,412,7,Recent Customer
8LPnB1iU,0.99,23,1,4,1,1,411,6,Recent Customer
Vo57e2Qn,1.98,22,2,4,1,2,421,7,Recent Customer
hYc1n8SH,17.98,22,2,4,3,2,423,9,Recent Customer
CPrXwd55,3.99,23,1,4,1,1,411,6,Recent Customer
wSd1qPpn,0.99,23,1,4,1,1,411,6,Recent Customer
EGbo7B5F,70.95,22,5,4,4,4,444,12,Champions
l46VX42j,1.98,23,2,4,1,2,421,7,Recent Customer
dwcU4eUU,26.97,22,3,4,3,3,433,10,Recent Customer
r6KWSfSy,3.99,23,1,4,1,1,411,6,Recent Customer
BtbRdDLJ,8.99,23,1,4,2,1,412,7,Recent Customer
cgDBXDi5,16.99,23,1,4,2,1,412,7,Recent Customer
Cwed42M2,17.98,22,2,4,3,2,423,9,Recent Customer
eChkEMnb,4.98,23,2,4,1,2,421,7,Recent Customer
dLbjCYNu,5.970000000000001,23,3,4,2,3,432,9,Recent Customer
VThlFdvN,16.99,23,1,4,2,1,412,7,Recent Customer
HBXNUx1F,0.99,23,1,4,1,1,411,6,Recent Customer
TFV7YRVC,3.99,23,1,4,1,1,411,6,Recent Customer
5PNNjqwI,8.99,23,1,4,2,1,412,7,Recent Customer
IoDYChtI,16.99,23,1,4,2,1,412,7,Recent Customer
3Wv8nHth,12.98,22,2,4,2,2,422,8,Recent Customer
YxX5kFIJ,16.99,23,1,4,2,1,412,7,Recent Customer
fgReKkiO,3.99,23,1,4,1,1,411,6,Recent Customer
HfRy8oRC,24.97,23,3,4,3,3,433,10,Recent Customer
kUcXRrLf,16.99,23,1,4,2,1,412,7,Recent Customer
EOr6Dhdo,3.99,23,1,4,1,1,411,6,Recent Customer
jo7CcjHg,16.99,23,1,4,2,1,412,7,Recent Customer
BtFWbFJC,3.99,23,1,4,1,1,411,6,Recent Customer
CKGdp3jd,5.970000000000001,22,3,4,2,3,432,9,Recent Customer
3pFoBVfo,34.99,23,1,4,3,1,413,8,Recent Customer
PQDNcwrp,7.98,22,2,4,2,2,422,8,Recent Customer
hC8KhJdG,8.99,22,1,4,2,1,412,7,Recent Customer
eBbmsto5,81.97999999999999,22,2,4,4,2,424,10,Other
KghPsOi5,16.99,22,1,4,2,1,412,7,Recent Customer
F4Lg855p,67.96,22,4,4,4,3,434,11,Other
5Lj43eCu,16.99,22,1,4,2,1,412,7,Recent Customer
OeWlNN1b,33.98,22,2,4,3,2,423,9,Recent Customer
JTNqJ4pC,3.99,22,1,4,1,1,411,6,Recent Customer
61fQNGhe,11.97,22,3,4,2,3,432,9,Recent Customer
fVNMQnNg,0.99,22,1,4,1,1,411,6,Recent Customer
J7U3Lw8v,8.99,22,1,4,2,1,412,7,Recent Customer
UVdOpbHk,7.98,22,2,4,2,2,422,8,Recent Customer
yx68tfYn,6.960000000000001,22,4,4,2,3,432,9,Recent Customer
ngXLI8us,3.99,22,1,4,1,1,411,6,Recent Customer
SppLNYWg,3.99,22,1,4,1,1,411,6,Recent Customer
IkbvCbKm,3.99,22,1,4,1,1,411,6,Recent Customer
EJLitkdM,8.99,22,1,4,2,1,412,7,Recent Customer
NeqeMrSi,8.99,22,1,4,2,1,412,7,Recent Customer
54qY48Cl,7.95,22,5,4,2,4,442,10,Other
WNq6vEie,8.99,22,1,4,2,1,412,7,Recent Customer
CByV2pFN,16.99,22,1,4,2,1,412,7,Recent Customer
uSYxI1VF,0.99,22,1,4,1,1,411,6,Recent Customer
pl1oHVE7,8.99,22,1,4,2,1,412,7,Recent Customer
XG3JUFCu,0.99,22,1,4,1,1,411,6,Recent Customer
1NmQMquH,34.99,22,1,4,3,1,413,8,Recent Customer
vlb4hMQv,29.97,22,3,4,3,3,433,10,Recent Customer
JMSr2gGm,8.99,22,1,4,2,1,412,7,Recent Customer
5mmk7Yot,16.99,22,1,4,2,1,412,7,Recent Customer
qhoycBOy,16.99,22,1,4,2,1,412,7,Recent Customer
MkIw7HIt,0.99,22,1,4,1,1,411,6,Recent Customer
5vOTO2sE,9.98,22,2,4,2,2,422,8,Recent Customer
qbWxufJe,4.98,22,2,4,1,2,421,7,Recent Customer
